CustomerID,CustomerRevenue
18102.0,608821.65
14646.0,528602.52
14156.0,313759.82
14911.0,295832.39
17450.0,246813.09
13694.0,196482.81
17511.0,175603.55
16446.0,168472.5
16684.0,147142.77
12415.0,144458.37
15061.0,137818.52
16029.0,122035.14
17949.0,118628.08
13089.0,116647.53
15311.0,116575.49
12931.0,92347.34
14298.0,91194.49
15769.0,88704.32
12346.0,77556.46
13798.0,75836.87
15838.0,74163.0
17841.0,70081.86
16754.0,67502.47
14096.0,65164.79
14088.0,64036.8
16422.0,63589.07
13081.0,59205.15
14680.0,57369.38
17389.0,57215.33
16013.0,57140.44
17850.0,56600.08
13777.0,56478.42
12748.0,55511.09
13093.0,54943.65
13408.0,51733.46
17404.0,47781.12
13881.0,45179.1
15749.0,44534.3
16705.0,43515.05
14031.0,40919.58
17381.0,40002.37
12471.0,39918.19
15098.0,39916.5
15039.0,39726.89
16210.0,38489.51
17675.0,38259.6
17677.0,36675.06
12921.0,35921.04
13767.0,35540.53
12678.0,34281.18
13902.0,34095.26
15856.0,33847.27
16779.0,33165.94
14258.0,32051.34
17428.0,31819.76
12681.0,30868.28
12709.0,30814.46
14606.0,30558.25
17940.0,30306.79
13078.0,29532.45
13098.0,28882.44
17857.0,28682.24
14527.0,27764.21
15513.0,27750.55
16333.0,26626.8
17865.0,26312.19
18251.0,26278.86
13802.0,26259.11
15498.0,25949.58
12731.0,25775.71
14062.0,25585.65
12744.0,25317.06
12939.0,25264.8
14895.0,25119.54
12621.0,24775.81
16525.0,24562.74
17920.0,24256.74
13001.0,24042.65
12682.0,24025.51
15640.0,23828.03
14607.0,23763.13
12482.0,23691.4
12409.0,23419.29
16133.0,22992.26
14063.0,22710.2
14051.0,22394.4
16839.0,22310.49
17340.0,22289.22
12540.0,22254.49
15159.0,22116.73
13340.0,22100.56
13319.0,22082.5
14667.0,21593.05
12753.0,21429.39
15615.0,21373.97
14866.0,20850.22
17706.0,20749.98
12433.0,20581.26
17243.0,20460.48
15251.0,20324.54
12477.0,20276.37
18008.0,19759.08
16843.0,19571.43
17139.0,19566.76
17581.0,18737.95
12557.0,18716.14
14194.0,18670.59
13113.0,18603.04
12357.0,18287.66
17377.0,18232.57
15808.0,18133.3
16746.0,18046.75
12647.0,17924.35
12472.0,17880.59
15078.0,17761.88
12901.0,17654.54
14952.0,17629.35
16652.0,17550.39
15189.0,17524.38
18172.0,17467.24
16019.0,17329.16
17416.0,17298.45
15523.0,17259.19
17735.0,17244.93
13027.0,17239.2
14277.0,17197.61
15358.0,17050.41
13564.0,17035.02
15125.0,17024.87
16656.0,16833.17
12454.0,16679.78
16553.0,16584.01
13199.0,16432.89
14961.0,16410.15
13225.0,16260.07
16180.0,16249.87
12980.0,16245.78
18092.0,16179.44
14733.0,16165.17
17107.0,16052.72
15044.0,16024.15
12971.0,15972.79
17716.0,15956.97
14849.0,15763.45
16191.0,15677.82
13488.0,15587.88
12949.0,15526.7
14769.0,15514.11
15768.0,15308.89
15601.0,14960.12
18087.0,14761.52
16126.0,14644.6
17133.0,14622.33
16873.0,14617.39
14543.0,14587.87
16713.0,14529.99
17448.0,14523.67
14299.0,14499.49
12583.0,14447.44
15482.0,14417.36
15093.0,14326.11
17017.0,14110.61
13090.0,14100.14
12714.0,14093.71
12476.0,14083.91
13178.0,14059.19
18223.0,14000.85
15005.0,13977.08
15502.0,13933.27
12435.0,13925.93
15760.0,13916.34
16558.0,13873.51
15291.0,13846.56
17589.0,13837.94
15032.0,13780.65
15382.0,13733.55
12567.0,13709.86
12989.0,13551.75
13468.0,13375.51
15738.0,13372.97
13629.0,13370.86
13097.0,13324.1
13969.0,13291.05
16923.0,13157.13
18225.0,13044.8
14049.0,13023.4
14110.0,12987.95
13668.0,12948.48
13316.0,12940.82
13952.0,12823.52
16549.0,12781.8
17858.0,12754.9
16161.0,12744.26
12683.0,12696.78
12437.0,12683.4
12451.0,12669.88
15465.0,12636.15
13013.0,12625.77
12536.0,12601.83
14040.0,12523.81
15194.0,12427.69
14936.0,12410.81
16000.0,12393.7
12474.0,12372.75
12481.0,12344.89
13050.0,12314.53
14739.0,12287.5
13854.0,12253.96
14735.0,12240.16
16814.0,12198.14
13418.0,12182.9
15144.0,12160.31
15555.0,12062.69
15023.0,12008.05
14415.0,11980.09
17364.0,11972.92
17044.0,11962.3
13458.0,11959.27
16258.0,11942.52
16523.0,11916.33
17338.0,11889.33
13687.0,11880.84
14505.0,11879.08
18226.0,11878.88
12705.0,11762.1
14426.0,11727.94
13102.0,11696.92
13004.0,11650.85
13576.0,11551.74
15218.0,11468.83
13680.0,11419.67
14016.0,11403.41
12668.0,11383.03
17809.0,11337.39
14045.0,11313.03
15874.0,11284.76
12539.0,11214.75
18055.0,11143.12
12524.0,11126.11
14134.0,11123.35
13941.0,11122.3
12918.0,10953.5
16985.0,10923.16
18052.0,10877.18
14796.0,10840.54
15694.0,10810.81
18229.0,10803.71
12431.0,10790.47
16033.0,10764.45
16327.0,10695.24
16168.0,10636.47
13324.0,10513.47
15290.0,10496.28
14028.0,10396.5
16984.0,10350.53
15296.0,10323.03
14422.0,10271.52
17160.0,10209.16
15719.0,10195.97
13599.0,10163.88
15805.0,10148.93
12839.0,10071.73
12766.0,10068.28
15547.0,10057.05
14085.0,10028.72
13985.0,10020.86
16782.0,10000.32
16353.0,9999.46
14755.0,9972.55
16182.0,9971.65
14101.0,9961.93
16131.0,9957.42
18260.0,9947.26
17049.0,9942.53
16701.0,9916.73
12758.0,9903.24
14329.0,9887.62
13327.0,9879.48
12590.0,9864.26
14828.0,9839.46
18109.0,9833.16
12490.0,9823.64
14944.0,9784.67
17306.0,9782.35
13018.0,9763.16
13735.0,9762.77
13267.0,9758.26
12380.0,9676.3
14135.0,9643.92
13069.0,9616.95
17315.0,9599.58
14091.0,9530.08
17811.0,9519.8
14060.0,9519.08
13999.0,9502.26
17504.0,9490.17
15298.0,9459.37
14146.0,9450.3
14439.0,9443.04
13758.0,9416.98
17230.0,9388.49
15727.0,9371.71
16550.0,9368.24
17757.0,9366.5
13174.0,9364.42
15981.0,9362.77
13162.0,9275.49
15249.0,9266.0
12747.0,9257.04
15570.0,9254.14
14367.0,9227.82
14292.0,9226.25
13448.0,9189.89
13756.0,9188.75
15260.0,9188.23
16700.0,9167.71
17068.0,9153.83
15939.0,9060.39
16709.0,9056.01
15867.0,9034.95
12755.0,9030.66
16186.0,9026.11
16722.0,8989.08
15150.0,8977.94
15903.0,8939.84
13555.0,8891.84
13269.0,8888.75
14709.0,8886.33
12359.0,8873.39
17576.0,8831.6
17396.0,8807.1
13047.0,8795.16
16532.0,8756.64
12957.0,8706.97
13263.0,8676.2
15955.0,8658.36
15497.0,8657.39
18041.0,8633.66
16945.0,8548.16
15281.0,8543.57
15270.0,8524.86
15984.0,8515.72
12798.0,8510.93
13209.0,8509.51
15786.0,8501.62
13148.0,8497.82
14286.0,8479.76
18139.0,8438.34
13715.0,8425.69
14160.0,8421.47
14676.0,8356.79
14057.0,8346.66
17611.0,8337.53
13206.0,8308.19
12643.0,8304.82
17686.0,8296.81
12637.0,8283.81
15998.0,8274.14
12720.0,8260.67
15034.0,8231.2
13381.0,8224.37
13139.0,8202.98
14030.0,8198.3
17365.0,8184.49
13426.0,8167.38
15544.0,8162.43
14056.0,8152.71
16672.0,8134.94
14395.0,8110.61
17593.0,8092.32
17426.0,8077.77
16767.0,8056.76
16670.0,8030.15
14525.0,8026.54
16556.0,8012.58
13869.0,7996.87
15299.0,7991.54
12428.0,7956.46
16303.0,7928.27
14291.0,7904.1
13871.0,7885.85
14159.0,7860.8
15622.0,7852.61
17085.0,7847.67
12757.0,7834.65
12867.0,7829.26
14282.0,7821.76
16592.0,7807.91
17409.0,7793.51
17091.0,7789.2
17730.0,7773.8
15581.0,7752.74
14800.0,7747.17
17739.0,7730.59
13534.0,7720.9
17238.0,7701.76
17696.0,7679.59
14175.0,7678.88
13141.0,7656.08
14688.0,7635.4
15046.0,7623.79
14145.0,7600.05
13373.0,7587.19
13137.0,7586.94
15301.0,7583.04
13709.0,7571.35
15179.0,7491.92
12429.0,7485.91
13815.0,7475.74
12841.0,7464.19
16570.0,7434.31
14243.0,7431.05
17690.0,7412.0
16242.0,7404.65
17602.0,7354.43
13082.0,7335.75
16253.0,7272.2
14092.0,7229.45
16729.0,7205.33
12712.0,7193.66
16745.0,7180.7
14841.0,7163.0
17965.0,7157.2
15950.0,7120.91
15521.0,7098.24
14113.0,7092.61
13451.0,7090.06
13983.0,7083.25
17231.0,7064.8
17769.0,7053.38
13183.0,7036.18
17975.0,7010.43
16938.0,6995.36
13831.0,6993.54
12662.0,6988.02
16717.0,6970.93
13552.0,6948.92
15674.0,6948.23
16265.0,6935.17
16187.0,6911.44
13520.0,6909.4
12749.0,6897.36
16170.0,6869.0
15129.0,6860.18
18231.0,6854.17
16401.0,6849.15
12613.0,6817.37
12830.0,6814.64
16145.0,6805.44
15413.0,6798.72
12417.0,6797.41
14401.0,6795.9
15750.0,6793.51
16456.0,6788.34
13993.0,6775.71
12779.0,6722.27
15321.0,6709.73
14844.0,6702.43
14388.0,6701.0
12913.0,6700.86
13734.0,6695.69
16497.0,6695.28
18118.0,6693.13
13384.0,6680.83
17700.0,6679.97
14702.0,6679.23
14461.0,6676.91
17001.0,6640.8
13953.0,6640.68
14440.0,6638.73
14562.0,6638.15
13394.0,6621.7
12626.0,6620.48
17819.0,6612.52
12843.0,6583.36
13015.0,6579.78
13883.0,6560.02
12836.0,6559.73
14766.0,6556.13
15332.0,6553.74
15980.0,6543.68
14855.0,6520.3
14221.0,6517.49
17838.0,6507.5
12823.0,6501.5
17419.0,6500.52
18061.0,6488.97
13317.0,6486.09
17873.0,6470.28
14154.0,6460.7
16940.0,6427.66
16655.0,6423.26
12656.0,6407.83
15514.0,6392.06
18094.0,6391.52
12406.0,6390.36
14390.0,6373.73
12356.0,6371.73
14227.0,6368.71
12484.0,6354.1
13590.0,6336.04
18245.0,6324.98
14180.0,6319.25
13654.0,6308.0
16710.0,6291.77
15480.0,6279.0
13136.0,6274.56
13615.0,6272.53
14004.0,6258.45
15369.0,6251.26
12497.0,6248.5
17799.0,6246.93
16735.0,6217.41
13230.0,6213.46
15673.0,6204.32
13334.0,6201.8
16103.0,6191.71
16156.0,6188.18
14534.0,6187.66
14907.0,6165.79
17669.0,6142.35
13266.0,6135.04
14852.0,6132.43
13935.0,6116.92
14560.0,6114.03
18178.0,6103.74
14530.0,6088.87
17509.0,6083.64
16954.0,6081.88
12664.0,6070.04
17644.0,6028.6
13658.0,6025.5
15372.0,6017.06
15202.0,6001.49
12835.0,5996.83
15755.0,5993.12
14105.0,5988.83
17457.0,5984.81
17491.0,5981.07
17625.0,5978.9
14535.0,5973.23
15785.0,5969.93
14918.0,5955.81
12500.0,5955.21
14257.0,5954.45
17685.0,5907.47
15971.0,5902.83
12455.0,5879.95
18065.0,5866.63
14210.0,5861.52
17146.0,5852.64
16011.0,5838.96
14112.0,5834.59
14189.0,5814.39
13769.0,5800.42
12910.0,5796.52
17069.0,5794.28
18075.0,5783.29
17672.0,5778.63
14099.0,5750.91
15485.0,5750.51
17863.0,5745.2
16316.0,5744.91
12615.0,5740.98
13771.0,5728.82
13870.0,5712.08
16607.0,5706.87
17651.0,5703.52
16279.0,5698.28
16458.0,5690.89
13157.0,5687.36
12727.0,5679.53
12633.0,5678.16
13901.0,5676.34
16409.0,5652.74
15628.0,5652.26
13722.0,5635.41
12347.0,5633.32
13842.0,5629.91
16320.0,5628.99
16003.0,5613.83
18145.0,5609.74
16200.0,5608.1
16546.0,5606.47
17059.0,5586.93
15228.0,5580.27
15854.0,5578.28
17203.0,5564.09
15527.0,5554.89
14572.0,5526.88
14732.0,5517.07
15898.0,5513.09
17092.0,5511.41
17204.0,5504.69
13115.0,5494.7
16609.0,5493.46
13593.0,5493.29
16393.0,5482.57
16992.0,5476.5
17512.0,5467.82
12480.0,5464.85
18198.0,5425.56
12378.0,5416.32
14713.0,5414.71
14626.0,5410.92
14249.0,5400.46
17719.0,5396.04
17612.0,5394.86
13362.0,5394.07
13014.0,5381.08
14459.0,5375.74
13495.0,5374.26
14442.0,5367.02
12362.0,5356.23
17567.0,5356.03
15641.0,5345.55
16008.0,5339.13
12708.0,5314.1
17584.0,5309.42
14081.0,5291.09
15394.0,5286.8
15152.0,5263.83
13931.0,5257.38
13975.0,5256.4
13107.0,5253.07
14930.0,5236.73
15722.0,5234.0
17061.0,5232.23
12422.0,5231.8
15606.0,5230.99
13763.0,5217.44
15812.0,5201.47
14546.0,5184.84
16931.0,5184.27
17213.0,5182.3
12510.0,5178.02
17663.0,5175.83
15796.0,5171.63
12625.0,5164.88
17157.0,5151.9
16153.0,5133.49
17346.0,5132.72
16308.0,5120.0
15443.0,5114.23
13329.0,5112.97
17519.0,5109.47
16919.0,5108.01
13523.0,5101.52
12483.0,5097.18
17402.0,5095.53
12594.0,5090.11
17861.0,5088.29
14493.0,5087.86
15367.0,5081.33
15529.0,5079.32
14307.0,5071.03
12395.0,5067.27
12432.0,5059.32
18144.0,5058.0
17469.0,5051.25
17802.0,5046.42
12600.0,5043.92
13634.0,5033.77
12759.0,5020.74
16904.0,5014.06
12444.0,5005.46
17084.0,5001.21
14209.0,4993.27
14639.0,4978.96
13198.0,4974.23
12562.0,4966.92
17758.0,4964.03
16905.0,4961.17
12700.0,4939.99
14970.0,4919.35
14825.0,4919.18
16143.0,4910.83
17314.0,4904.43
16255.0,4904.25
17406.0,4889.05
16986.0,4888.75
13021.0,4887.24
13659.0,4884.68
17596.0,4882.43
16686.0,4881.07
15379.0,4877.84
14107.0,4877.3
12688.0,4873.81
17449.0,4868.15
17652.0,4867.72
14032.0,4850.27
13044.0,4848.05
13562.0,4838.18
12449.0,4835.89
17191.0,4820.45
14191.0,4817.66
13875.0,4814.37
15187.0,4777.18
15002.0,4769.73
13988.0,4757.8
12955.0,4757.16
17829.0,4756.74
17082.0,4732.03
16326.0,4721.25
14235.0,4717.99
13958.0,4709.23
12589.0,4695.66
15410.0,4685.72
16858.0,4668.28
13971.0,4667.57
16293.0,4657.95
15123.0,4656.17
15484.0,4652.1
17050.0,4648.59
14466.0,4646.9
12578.0,4642.45
13124.0,4641.66
15271.0,4640.29
18097.0,4627.92
17400.0,4623.28
17442.0,4620.3
12782.0,4618.24
14441.0,4611.69
15245.0,4610.84
12553.0,4608.75
13851.0,4606.46
18257.0,4600.15
17188.0,4592.93
16125.0,4581.7
17508.0,4579.23
15416.0,4572.82
13491.0,4566.56
13510.0,4558.29
15365.0,4557.13
17613.0,4544.55
13527.0,4541.29
13571.0,4537.26
14685.0,4536.64
12598.0,4534.09
14001.0,4530.09
14290.0,4516.56
17308.0,4511.76
15680.0,4507.58
15764.0,4503.08
14625.0,4497.88
15122.0,4487.27
14701.0,4487.11
18064.0,4481.83
12916.0,4479.73
12627.0,4478.53
14648.0,4466.65
18069.0,4464.92
16912.0,4460.51
15240.0,4459.98
17220.0,4457.31
17682.0,4456.78
18093.0,4452.71
14341.0,4452.02
17754.0,4451.22
13435.0,4447.33
16098.0,4441.3
16218.0,4439.97
16081.0,4436.56
17722.0,4430.36
12349.0,4428.69
15845.0,4426.28
17412.0,4417.52
17138.0,4417.27
16626.0,4413.1
16563.0,4412.56
14211.0,4402.29
15203.0,4400.18
16150.0,4395.59
13505.0,4393.63
13880.0,4391.66
16732.0,4387.64
18272.0,4385.98
13982.0,4382.89
14514.0,4380.04
16455.0,4376.87
16118.0,4376.25
15861.0,4369.2
13297.0,4368.62
12752.0,4366.78
12917.0,4359.2
12523.0,4352.35
16283.0,4350.32
17372.0,4347.31
12408.0,4340.77
15633.0,4335.96
16477.0,4320.02
14334.0,4318.48
18259.0,4318.2
12370.0,4316.56
12967.0,4306.92
14482.0,4306.72
12928.0,4304.89
14854.0,4303.06
17937.0,4301.22
18230.0,4291.06
18077.0,4283.66
17930.0,4275.22
16241.0,4270.51
14239.0,4263.17
14047.0,4255.03
12360.0,4252.89
16571.0,4248.74
12935.0,4243.86
17728.0,4238.76
13911.0,4234.99
16875.0,4234.53
16712.0,4232.87
16743.0,4212.15
15804.0,4206.39
15708.0,4204.44
18079.0,4203.93
15518.0,4189.99
15752.0,4184.56
14868.0,4184.01
17738.0,4183.56
18287.0,4182.99
16072.0,4180.09
17218.0,4178.93
17673.0,4173.88
17526.0,4166.04
18194.0,4162.04
14740.0,4161.06
12653.0,4160.83
13461.0,4160.0
16749.0,4157.88
17646.0,4149.79
16209.0,4146.78
12569.0,4124.69
15493.0,4121.68
13450.0,4120.04
14408.0,4102.27
14566.0,4092.0
15050.0,4087.19
12876.0,4081.79
14878.0,4076.5
14913.0,4073.13
12371.0,4067.38
13421.0,4058.75
14025.0,4057.9
15024.0,4050.61
17083.0,4049.79
17287.0,4049.56
13048.0,4049.13
17211.0,4046.65
12840.0,4041.97
14824.0,4022.91
12726.0,4014.6
15782.0,4014.1
16928.0,4013.78
12721.0,4013.08
13895.0,4008.52
16841.0,4006.06
17618.0,4001.64
17307.0,3999.89
13126.0,3998.25
15665.0,3987.07
14547.0,3974.75
15572.0,3965.2
17019.0,3961.11
14817.0,3959.86
13542.0,3959.49
16791.0,3957.63
17667.0,3950.7
16771.0,3949.6
16719.0,3944.35
15858.0,3936.34
15819.0,3934.79
17954.0,3933.06
12473.0,3928.05
15051.0,3926.91
14465.0,3925.85
15983.0,3924.02
13037.0,3914.95
12853.0,3907.5
13995.0,3902.01
12388.0,3901.11
14498.0,3900.83
15823.0,3897.17
15571.0,3892.35
12358.0,3887.07
14744.0,3885.08
13446.0,3881.89
15696.0,3881.22
15288.0,3881.03
14655.0,3878.51
15067.0,3862.88
15195.0,3861.0
18073.0,3859.82
14565.0,3859.22
16440.0,3856.97
16057.0,3854.85
13213.0,3851.52
16341.0,3850.79
14532.0,3845.78
17659.0,3834.79
13481.0,3830.84
12597.0,3811.22
13357.0,3805.51
15421.0,3805.34
16636.0,3802.04
16128.0,3801.05
15827.0,3794.07
17071.0,3793.71
12619.0,3781.38
14309.0,3780.81
15811.0,3776.0
15079.0,3767.35
16466.0,3767.09
17173.0,3766.6
15834.0,3764.39
12670.0,3760.29
12530.0,3759.26
17553.0,3757.6
14409.0,3756.09
13305.0,3752.61
17293.0,3750.63
12623.0,3747.84
15370.0,3739.01
15532.0,3738.85
15704.0,3734.66
16539.0,3732.01
14515.0,3724.06
12502.0,3723.87
16240.0,3718.8
14364.0,3717.35
16950.0,3713.77
12737.0,3710.5
14540.0,3709.64
14776.0,3708.3
15255.0,3706.02
15351.0,3704.89
15494.0,3702.6
18168.0,3698.8
16772.0,3698.05
17096.0,3697.93
16094.0,3695.56
12857.0,3688.0
12468.0,3670.74
14593.0,3665.53
12872.0,3662.49
16983.0,3654.02
17655.0,3652.48
14857.0,3651.85
14649.0,3651.19
14640.0,3649.36
15953.0,3648.08
13632.0,3645.81
17063.0,3638.53
14770.0,3637.64
16748.0,3637.33
16053.0,3634.84
17528.0,3628.5
16444.0,3625.88
16503.0,3614.34
16718.0,3612.13
15505.0,3610.96
15791.0,3608.34
18242.0,3605.21
13750.0,3602.18
12963.0,3601.59
16325.0,3597.5
17422.0,3594.76
14653.0,3593.06
14132.0,3586.03
15569.0,3583.45
17679.0,3577.61
17311.0,3566.56
18219.0,3562.89
17848.0,3559.11
14737.0,3554.17
15222.0,3550.91
14882.0,3546.65
14503.0,3543.26
12645.0,3539.3
17924.0,3536.7
16395.0,3518.41
16336.0,3517.69
15113.0,3509.43
18044.0,3505.61
14934.0,3503.5
13929.0,3494.1
15059.0,3491.2
13577.0,3489.28
15306.0,3484.73
17597.0,3484.09
12631.0,3481.57
15380.0,3479.06
15712.0,3472.41
13849.0,3469.3
14533.0,3466.37
14898.0,3464.45
14837.0,3460.32
16360.0,3450.41
13313.0,3445.32
13536.0,3444.39
16347.0,3442.96
15974.0,3442.15
16208.0,3440.45
17725.0,3439.08
12609.0,3435.86
15676.0,3435.76
16045.0,3434.93
17913.0,3429.29
12377.0,3426.32
16281.0,3424.02
17876.0,3424.02
15373.0,3418.84
14217.0,3416.89
14215.0,3416.33
14673.0,3410.81
13437.0,3408.06
13823.0,3403.45
17931.0,3402.24
15114.0,3400.12
16271.0,3397.82
13425.0,3390.43
15058.0,3387.58
15356.0,3382.69
13979.0,3379.93
17723.0,3378.4
15916.0,3377.69
13135.0,3371.45
12838.0,3366.7
13707.0,3365.86
13285.0,3364.59
15538.0,3358.4
13786.0,3358.39
14608.0,3352.94
13246.0,3351.75
16818.0,3349.57
17183.0,3347.31
15265.0,3345.64
12424.0,3340.03
13848.0,3335.0
14344.0,3333.7
16351.0,3330.03
15065.0,3326.86
12865.0,3323.47
13431.0,3316.24
13824.0,3314.76
13131.0,3313.77
16365.0,3307.2
13611.0,3297.93
13031.0,3292.84
17768.0,3292.73
13650.0,3288.0
15632.0,3285.31
14285.0,3284.42
18188.0,3280.59
14161.0,3280.08
15978.0,3279.42
17774.0,3273.83
13291.0,3270.79
16067.0,3269.11
14293.0,3267.93
13214.0,3264.23
14064.0,3260.24
14451.0,3258.68
15057.0,3255.96
12770.0,3246.45
16612.0,3245.43
15140.0,3243.69
17353.0,3242.0
15625.0,3236.4
15602.0,3230.51
16101.0,3229.16
14506.0,3217.25
14669.0,3216.78
14507.0,3216.74
12951.0,3213.72
16918.0,3206.54
16107.0,3204.16
17147.0,3199.95
14315.0,3197.82
15027.0,3195.6
13868.0,3192.54
13397.0,3191.87
12456.0,3181.04
16515.0,3179.06
17228.0,3175.98
17621.0,3175.12
13268.0,3174.75
16059.0,3171.82
16837.0,3170.98
17640.0,3168.94
16041.0,3166.4
13804.0,3161.12
12976.0,3156.38
16584.0,3156.17
14748.0,3152.32
14306.0,3151.4
15614.0,3147.36
17702.0,3144.04
15095.0,3141.64
14897.0,3140.54
17354.0,3133.96
15596.0,3130.04
14963.0,3123.57
15199.0,3122.4
17145.0,3120.91
13685.0,3119.44
13052.0,3119.33
13692.0,3114.4
14978.0,3112.19
16678.0,3109.99
13742.0,3107.87
15353.0,3106.12
12909.0,3103.19
13538.0,3103.13
15031.0,3102.94
15491.0,3100.09
13772.0,3100.02
16933.0,3099.3
13464.0,3097.64
12937.0,3097.61
15105.0,3094.91
17530.0,3092.33
14312.0,3090.29
17552.0,3085.29
12511.0,3084.02
17929.0,3082.1
17090.0,3080.18
17870.0,3079.69
14044.0,3077.7
14700.0,3076.06
12469.0,3070.54
13631.0,3070.42
14038.0,3069.88
13196.0,3068.84
16400.0,3059.85
13077.0,3054.37
16007.0,3053.06
16775.0,3052.74
15241.0,3050.16
16560.0,3048.38
14916.0,3042.95
12849.0,3042.47
13647.0,3041.68
15754.0,3037.61
13557.0,3032.26
17884.0,3020.99
13485.0,3019.22
14456.0,3017.28
15716.0,3014.66
13963.0,3011.87
12754.0,3010.74
14621.0,3000.57
13635.0,2999.16
15810.0,2999.04
15182.0,2998.95
15611.0,2997.28
12457.0,2995.91
17961.0,2994.29
14590.0,2993.37
15687.0,2993.1
15681.0,2989.7
12374.0,2989.22
18241.0,2986.99
14226.0,2985.13
17032.0,2984.32
16012.0,2978.59
17692.0,2975.8
12854.0,2970.97
16120.0,2967.51
15967.0,2966.0
15329.0,2958.83
16416.0,2957.88
13012.0,2957.83
13110.0,2957.47
16736.0,2956.56
12826.0,2955.75
14867.0,2952.06
13253.0,2951.11
12877.0,2942.14
15757.0,2940.36
17444.0,2940.04
17588.0,2939.55
14544.0,2938.53
15235.0,2937.81
12635.0,2930.41
15312.0,2930.19
15965.0,2928.13
13890.0,2927.38
12906.0,2919.81
16358.0,2919.65
13764.0,2919.62
15392.0,2911.62
13784.0,2910.23
14524.0,2909.86
12438.0,2906.85
13455.0,2905.93
14233.0,2904.27
16383.0,2896.69
17320.0,2895.77
15100.0,2894.7
17242.0,2889.28
13501.0,2885.11
16633.0,2883.1
14251.0,2879.7
12806.0,2878.96
18170.0,2878.0
14005.0,2874.72
15043.0,2870.32
16467.0,2869.16
16711.0,2868.48
16229.0,2867.86
15862.0,2866.52
16086.0,2864.99
14758.0,2864.97
16755.0,2864.68
16062.0,2863.45
12685.0,2863.08
14875.0,2862.4
16979.0,2859.74
15563.0,2859.46
16225.0,2859.31
13728.0,2855.17
14404.0,2853.36
12352.0,2849.84
14935.0,2849.83
16163.0,2849.58
12676.0,2843.09
16554.0,2841.72
14711.0,2839.62
14842.0,2824.69
15797.0,2821.08
13477.0,2819.17
13032.0,2815.96
15660.0,2812.99
17386.0,2812.77
16871.0,2812.34
16817.0,2804.9
17470.0,2804.87
13799.0,2803.57
13205.0,2803.2
16742.0,2799.87
13330.0,2796.1
14903.0,2795.33
14035.0,2794.75
12863.0,2792.55
16764.0,2790.95
17284.0,2788.06
15073.0,2788.02
13719.0,2783.08
14121.0,2780.15
17790.0,2779.41
14869.0,2778.14
15993.0,2777.67
16104.0,2774.46
17031.0,2773.85
13695.0,2770.73
17720.0,2768.91
18210.0,2768.83
14696.0,2767.9
15817.0,2766.4
13813.0,2765.47
16407.0,2761.65
17115.0,2761.49
17368.0,2758.29
17262.0,2757.62
16335.0,2753.52
13736.0,2752.47
17490.0,2750.5
14665.0,2749.65
17676.0,2749.34
12982.0,2744.81
12669.0,2744.03
15841.0,2742.41
17241.0,2736.64
15389.0,2733.8
15111.0,2730.87
12986.0,2729.84
12739.0,2726.73
12391.0,2724.84
17591.0,2723.62
16190.0,2723.55
14125.0,2720.63
14808.0,2718.6
15985.0,2715.28
16232.0,2712.97
15021.0,2698.68
16359.0,2697.75
18173.0,2696.36
12725.0,2694.56
12820.0,2689.52
17388.0,2675.37
16434.0,2673.69
14496.0,2668.23
18283.0,2664.9
15910.0,2661.17
13473.0,2657.76
15671.0,2657.13
16369.0,2656.56
15157.0,2654.11
14756.0,2653.76
17744.0,2649.14
12516.0,2648.62
13203.0,2648.25
16618.0,2647.59
13117.0,2643.81
13819.0,2642.35
15814.0,2634.44
12520.0,2634.26
14410.0,2631.9
16276.0,2629.39
13422.0,2626.3
13644.0,2624.26
12671.0,2622.48
12423.0,2622.39
15142.0,2619.92
13211.0,2618.77
14262.0,2618.23
14195.0,2615.6
14431.0,2614.2
14397.0,2612.96
14564.0,2605.62
17317.0,2600.34
15826.0,2598.28
13700.0,2596.97
12412.0,2596.93
14163.0,2594.62
14229.0,2594.04
17043.0,2593.65
14129.0,2591.34
14147.0,2590.2
16206.0,2589.87
15062.0,2585.62
12592.0,2582.66
16244.0,2579.38
16499.0,2578.34
17095.0,2572.25
17002.0,2571.55
13652.0,2570.85
15434.0,2567.06
13173.0,2565.76
14573.0,2565.12
13192.0,2558.58
15033.0,2557.18
16036.0,2556.84
13862.0,2556.09
17787.0,2553.82
16115.0,2553.8
14745.0,2551.41
18179.0,2547.55
17465.0,2542.79
14548.0,2541.29
15426.0,2538.92
17463.0,2535.26
13623.0,2533.06
14810.0,2531.92
15906.0,2530.19
14659.0,2529.93
16889.0,2526.65
14790.0,2526.62
16987.0,2521.4
13344.0,2511.69
17897.0,2510.56
17101.0,2507.05
17550.0,2506.64
12978.0,2502.82
16202.0,2501.99
13471.0,2501.84
15747.0,2499.81
17594.0,2497.88
15932.0,2495.87
13414.0,2494.14
14541.0,2491.38
15227.0,2488.49
15117.0,2485.97
12517.0,2481.6
13507.0,2479.16
13588.0,2478.95
16795.0,2477.29
13134.0,2475.23
16520.0,2474.14
13762.0,2472.48
17732.0,2470.39
12924.0,2469.4
14421.0,2469.37
17288.0,2468.43
17164.0,2467.35
15221.0,2465.45
13151.0,2465.21
15860.0,2463.96
17131.0,2463.17
14256.0,2460.79
17629.0,2455.52
16016.0,2446.42
12701.0,2446.41
13338.0,2445.62
17348.0,2442.29
14449.0,2441.2
18171.0,2437.31
15623.0,2437.05
17505.0,2435.48
13085.0,2433.28
13094.0,2433.12
16638.0,2430.53
14502.0,2429.83
15077.0,2428.08
13949.0,2427.32
12733.0,2424.87
15658.0,2423.47
15215.0,2422.43
15089.0,2420.84
15489.0,2419.61
16040.0,2416.9
13878.0,2416.9
16470.0,2416.85
12802.0,2416.42
13118.0,2415.41
14205.0,2414.2
17894.0,2411.35
12397.0,2409.9
16833.0,2409.04
17671.0,2403.34
15341.0,2402.72
15793.0,2399.57
12393.0,2399.45
14414.0,2399.33
16147.0,2398.91
17921.0,2394.36
16812.0,2392.0
15366.0,2389.08
14443.0,2386.47
16105.0,2386.19
17905.0,2379.37
17827.0,2376.17
16883.0,2374.09
17434.0,2373.82
13908.0,2369.55
17623.0,2365.77
16005.0,2365.49
14295.0,2362.91
16676.0,2361.9
16065.0,2359.27
17634.0,2358.59
15015.0,2354.97
17969.0,2354.29
16083.0,2351.42
16085.0,2341.03
12704.0,2340.84
12584.0,2338.15
15549.0,2334.16
13614.0,2332.74
16496.0,2330.77
17313.0,2328.84
17004.0,2324.36
14938.0,2322.43
13091.0,2321.82
13055.0,2321.11
16628.0,2318.1
12724.0,2317.52
12948.0,2317.43
14346.0,2315.75
17193.0,2310.04
17282.0,2308.54
13704.0,2308.06
17113.0,2305.59
15946.0,2304.18
14555.0,2304.03
18095.0,2303.09
16077.0,2300.4
16531.0,2298.33
17324.0,2298.12
13371.0,2297.66
12599.0,2296.72
12649.0,2294.65
13280.0,2293.33
13059.0,2291.77
17047.0,2289.23
17018.0,2287.7
16485.0,2287.19
14481.0,2284.69
12684.0,2283.63
18051.0,2282.28
14901.0,2281.4
13655.0,2280.51
14554.0,2279.49
13994.0,2274.14
17994.0,2270.03
13748.0,2268.35
15638.0,2265.2
15734.0,2263.3
13814.0,2257.32
16350.0,2253.89
17414.0,2249.52
14432.0,2248.5
14644.0,2247.72
16177.0,2247.31
12868.0,2247.06
16174.0,2246.75
13627.0,2245.9
16042.0,2245.32
13407.0,2244.7
16823.0,2243.09
14462.0,2242.81
15865.0,2241.42
15629.0,2240.9
16551.0,2237.12
17180.0,2236.77
17075.0,2236.63
16108.0,2235.92
16076.0,2234.73
13662.0,2233.61
18215.0,2232.49
17460.0,2228.27
12783.0,2225.91
13365.0,2225.37
14321.0,2218.06
17648.0,2216.37
18177.0,2216.32
13478.0,2215.78
14708.0,2212.28
13320.0,2211.6
15550.0,2211.05
15476.0,2209.98
14177.0,2209.69
14834.0,2206.16
14467.0,2203.24
13410.0,2201.96
14006.0,2196.67
16317.0,2192.51
15934.0,2190.66
14212.0,2190.14
16221.0,2186.66
14597.0,2184.63
15864.0,2180.76
12856.0,2170.78
15649.0,2170.35
12501.0,2169.39
14595.0,2164.45
15944.0,2164.24
17822.0,2162.93
14407.0,2157.73
16379.0,2157.4
13643.0,2156.77
13224.0,2155.95
16966.0,2154.97
16600.0,2153.41
16275.0,2151.11
18239.0,2150.36
14216.0,2150.04
16716.0,2149.68
17272.0,2148.63
16004.0,2146.39
13152.0,2146.38
16134.0,2145.34
18009.0,2144.23
12576.0,2142.72
13092.0,2140.28
12687.0,2138.91
17029.0,2137.3
17305.0,2135.46
18116.0,2134.49
12560.0,2134.01
16493.0,2132.09
13517.0,2128.42
14634.0,2124.46
16807.0,2123.88
16996.0,2123.61
14472.0,2118.72
14360.0,2118.03
14691.0,2114.33
16201.0,2112.12
16054.0,2111.88
12997.0,2110.91
14399.0,2108.21
13755.0,2108.06
13610.0,2103.71
15252.0,2103.41
14276.0,2102.68
14499.0,2101.79
15815.0,2100.6
12975.0,2100.09
17159.0,2099.59
12610.0,2099.54
17742.0,2098.48
13753.0,2094.57
13591.0,2093.94
14469.0,2093.46
13265.0,2092.66
15456.0,2091.52
15151.0,2085.61
17705.0,2083.9
14896.0,2083.22
16934.0,2083.14
14396.0,2079.73
18026.0,2074.07
17048.0,2071.68
17585.0,2064.71
16726.0,2063.88
12586.0,2062.67
13476.0,2061.47
18258.0,2059.67
17633.0,2057.39
12518.0,2056.89
15253.0,2055.09
14188.0,2054.36
16235.0,2053.71
16794.0,2052.7
16176.0,2052.69
14723.0,2050.25
17086.0,2050.08
13874.0,2049.15
13984.0,2048.6
16027.0,2048.36
14232.0,2048.07
17666.0,2047.8
13663.0,2047.51
14000.0,2046.34
15473.0,2046.0
17289.0,2041.8
12585.0,2040.1
14988.0,2038.65
16214.0,2038.25
16331.0,2037.7
13705.0,2035.33
17846.0,2033.1
13630.0,2031.78
14225.0,2031.07
15272.0,2030.95
15506.0,2030.33
15164.0,2028.11
15384.0,2027.79
12873.0,2027.3
13989.0,2026.06
14631.0,2025.69
16510.0,2025.6
14651.0,2025.52
12418.0,2021.2
17227.0,2021.18
13696.0,2020.4
12348.0,2019.4
14623.0,2016.98
16197.0,2016.71
17152.0,2016.5
17126.0,2016.43
13693.0,2011.82
13888.0,2001.59
16332.0,2000.01
16698.0,1998.0
14628.0,1998.0
15990.0,1997.75
14152.0,1997.34
15481.0,1993.34
14301.0,1992.18
13889.0,1991.23
17088.0,1991.01
16960.0,1990.88
17351.0,1988.23
16529.0,1986.8
15478.0,1983.48
14967.0,1982.61
15192.0,1981.39
17337.0,1981.06
13725.0,1980.56
12582.0,1980.4
17158.0,1980.0
15030.0,1979.91
15795.0,1979.87
13208.0,1976.3
18204.0,1975.35
15531.0,1972.39
17797.0,1971.87
14905.0,1971.39
12674.0,1970.6
14477.0,1969.6
16032.0,1965.72
15081.0,1965.72
16233.0,1965.71
17966.0,1963.92
17997.0,1962.46
12399.0,1962.3
15789.0,1962.01
16290.0,1957.7
17039.0,1954.99
18016.0,1954.56
14794.0,1953.9
17554.0,1952.45
13761.0,1952.17
15885.0,1951.82
16993.0,1950.95
14014.0,1948.21
16891.0,1945.2
15620.0,1942.36
15425.0,1941.12
12385.0,1938.4
16619.0,1938.33
17135.0,1937.76
14418.0,1937.25
15605.0,1936.8
15561.0,1934.39
12528.0,1933.48
12531.0,1933.2
16859.0,1932.41
15803.0,1929.66
17236.0,1929.26
16788.0,1928.93
13029.0,1927.3
14492.0,1921.91
16681.0,1921.84
18220.0,1921.76
13838.0,1920.73
12644.0,1918.49
12842.0,1917.99
14332.0,1917.41
16650.0,1916.11
16555.0,1915.68
16692.0,1914.7
16770.0,1909.73
12947.0,1908.03
17046.0,1906.07
16942.0,1904.99
17235.0,1904.88
14250.0,1904.05
14127.0,1900.08
14710.0,1899.79
12762.0,1898.52
14389.0,1898.01
14741.0,1897.59
14730.0,1897.57
17560.0,1895.8
14327.0,1894.93
15248.0,1893.93
17350.0,1893.7
16631.0,1892.52
13276.0,1891.91
15381.0,1890.57
14912.0,1889.25
17609.0,1887.9
16172.0,1884.55
14403.0,1880.51
16660.0,1879.55
18151.0,1879.44
15197.0,1877.51
13946.0,1876.23
12494.0,1872.87
16426.0,1863.76
14887.0,1862.0
13503.0,1859.24
14305.0,1858.96
14130.0,1858.77
16043.0,1856.59
16049.0,1852.15
16917.0,1851.88
12383.0,1850.56
12381.0,1845.31
12507.0,1844.06
18180.0,1843.75
12694.0,1843.35
12950.0,1843.0
15201.0,1842.95
16102.0,1842.14
14224.0,1841.71
13168.0,1840.73
17919.0,1840.32
15822.0,1840.06
14870.0,1838.95
13924.0,1838.85
17015.0,1838.61
16175.0,1836.44
15402.0,1830.54
16152.0,1829.04
16825.0,1826.89
17244.0,1826.04
15678.0,1825.94
14715.0,1825.45
13884.0,1825.03
17642.0,1824.49
16169.0,1822.97
14738.0,1821.9
15339.0,1821.02
17259.0,1820.34
16205.0,1820.11
17828.0,1820.09
14553.0,1818.6
15807.0,1817.52
16634.0,1814.61
16880.0,1813.21
14915.0,1811.25
16474.0,1810.65
16725.0,1810.41
14893.0,1809.61
15530.0,1808.68
17888.0,1807.44
15133.0,1806.9
13561.0,1803.4
18161.0,1803.1
16797.0,1802.02
16249.0,1800.07
18235.0,1796.48
18236.0,1795.35
17165.0,1794.32
18122.0,1793.06
13711.0,1792.26
13375.0,1792.23
12369.0,1791.15
17603.0,1788.38
13782.0,1786.08
15608.0,1785.98
16611.0,1785.13
15452.0,1785.11
15128.0,1783.68
16110.0,1781.59
18214.0,1780.34
15220.0,1778.96
12458.0,1777.49
12908.0,1776.0
12778.0,1775.68
13920.0,1774.68
16124.0,1772.49
15594.0,1771.78
14850.0,1770.96
14933.0,1770.0
15972.0,1769.33
15736.0,1767.12
13456.0,1766.72
16751.0,1764.72
13648.0,1764.02
13717.0,1763.3
12784.0,1763.15
15777.0,1762.61
16511.0,1760.49
16620.0,1758.93
16266.0,1757.95
16595.0,1757.75
12809.0,1755.94
14704.0,1752.92
13155.0,1750.18
14522.0,1748.42
16639.0,1747.98
13808.0,1747.66
17695.0,1746.04
14236.0,1744.64
16348.0,1744.42
16380.0,1743.15
12425.0,1741.41
16087.0,1739.92
17974.0,1739.09
13531.0,1738.52
14584.0,1738.16
14075.0,1734.87
17268.0,1733.89
13026.0,1733.08
14400.0,1732.47
17432.0,1728.99
14387.0,1727.6
16809.0,1727.43
15730.0,1726.58
17190.0,1726.57
14304.0,1725.01
13363.0,1723.86
16374.0,1723.4
17451.0,1721.4
16119.0,1720.81
15267.0,1717.36
14021.0,1716.58
17162.0,1715.46
14692.0,1715.14
14987.0,1713.85
14447.0,1711.73
13665.0,1711.66
16654.0,1711.47
17750.0,1710.45
12405.0,1710.39
13104.0,1709.1
17731.0,1708.99
15607.0,1708.97
15947.0,1708.24
12407.0,1708.12
16902.0,1706.88
13309.0,1706.37
16398.0,1705.8
14859.0,1705.64
12693.0,1703.02
15326.0,1700.52
15911.0,1700.24
13240.0,1699.86
15889.0,1699.67
16768.0,1698.57
12932.0,1698.56
17813.0,1698.07
17694.0,1695.97
16899.0,1695.77
16010.0,1694.86
15976.0,1694.41
12764.0,1693.88
14245.0,1693.45
14829.0,1692.84
16671.0,1692.27
14078.0,1689.71
13294.0,1689.53
17341.0,1688.82
13566.0,1688.6
12813.0,1687.8
12775.0,1686.12
13516.0,1685.26
15732.0,1682.07
14643.0,1679.89
15551.0,1679.81
13800.0,1679.56
12870.0,1676.95
14831.0,1676.57
13149.0,1676.06
17656.0,1674.69
13587.0,1673.5
13308.0,1670.37
13417.0,1669.49
13184.0,1668.95
17534.0,1668.83
13434.0,1666.86
13064.0,1666.84
17321.0,1665.21
16329.0,1664.92
12912.0,1662.3
15214.0,1661.44
14583.0,1660.29
18096.0,1657.87
18276.0,1656.52
17041.0,1655.2
16625.0,1654.03
16813.0,1652.18
12911.0,1651.72
13649.0,1651.48
16907.0,1650.81
15996.0,1649.65
15987.0,1649.47
18085.0,1645.75
12657.0,1643.18
13506.0,1639.2
14420.0,1639.17
12933.0,1636.63
17951.0,1636.08
12398.0,1635.66
17006.0,1635.27
15310.0,1634.64
18062.0,1632.67
14164.0,1631.77
18136.0,1631.36
17571.0,1630.91
14904.0,1630.49
16256.0,1629.37
13554.0,1629.35
15167.0,1627.62
14759.0,1625.97
13154.0,1624.84
15172.0,1624.05
14937.0,1621.88
12379.0,1620.22
15422.0,1619.97
12577.0,1617.1
16224.0,1616.54
14336.0,1614.91
15013.0,1610.82
16860.0,1610.62
13900.0,1610.59
17814.0,1609.37
12847.0,1609.0
13249.0,1608.93
14920.0,1607.17
17515.0,1602.51
15325.0,1601.46
14178.0,1600.26
14885.0,1598.12
12514.0,1597.76
15134.0,1596.29
17853.0,1596.29
13850.0,1595.48
13239.0,1594.69
16801.0,1594.23
17028.0,1593.83
15289.0,1593.09
17540.0,1590.6
16092.0,1587.94
17345.0,1586.63
13156.0,1586.54
16096.0,1584.97
13740.0,1582.77
17867.0,1582.05
14719.0,1581.84
15279.0,1580.54
13202.0,1580.3
14587.0,1580.29
13752.0,1579.83
17222.0,1579.51
12607.0,1579.51
17649.0,1578.89
13186.0,1575.89
12549.0,1575.68
13337.0,1575.26
14489.0,1574.93
16099.0,1573.2
17886.0,1572.55
14136.0,1570.81
14198.0,1569.73
13539.0,1569.36
17624.0,1568.63
16774.0,1567.48
13939.0,1560.96
15466.0,1560.46
12629.0,1558.22
16140.0,1557.6
16394.0,1555.34
15149.0,1554.61
18149.0,1553.96
13360.0,1553.65
15074.0,1553.13
13377.0,1552.88
17851.0,1552.35
17323.0,1551.04
14186.0,1550.63
16366.0,1548.13
17454.0,1547.94
14754.0,1547.93
16461.0,1545.83
16790.0,1545.62
16017.0,1545.58
18036.0,1545.49
16915.0,1543.18
13783.0,1542.09
12818.0,1542.08
17837.0,1541.23
13310.0,1541.2
13579.0,1539.04
16835.0,1538.41
15798.0,1535.37
13402.0,1535.13
14695.0,1534.22
18252.0,1533.69
16491.0,1533.16
14567.0,1530.36
15701.0,1529.0
17990.0,1527.61
12926.0,1523.97
15587.0,1522.08
16066.0,1521.04
14055.0,1520.96
14264.0,1517.36
14068.0,1516.72
14267.0,1516.24
13791.0,1516.0
14220.0,1515.0
14682.0,1514.81
17764.0,1513.57
17610.0,1511.94
17977.0,1511.45
17025.0,1510.64
13370.0,1509.74
16037.0,1509.34
15948.0,1509.09
18074.0,1509.04
16910.0,1508.96
13158.0,1508.18
15261.0,1508.0
17179.0,1507.26
18022.0,1507.25
15110.0,1505.85
16450.0,1505.73
14802.0,1502.98
13810.0,1499.01
16714.0,1497.33
15590.0,1496.6
16340.0,1496.24
15882.0,1495.98
15173.0,1494.6
14894.0,1492.81
16239.0,1492.2
16314.0,1491.4
18268.0,1490.23
13042.0,1488.59
17290.0,1487.96
14609.0,1486.2
15630.0,1481.4
15101.0,1477.94
14246.0,1474.06
17590.0,1468.02
13138.0,1467.24
13500.0,1466.3
16419.0,1463.7
12882.0,1463.04
16586.0,1462.78
17978.0,1460.91
18196.0,1457.19
15071.0,1455.56
16569.0,1455.23
12970.0,1453.6
13165.0,1451.16
13361.0,1450.5
15574.0,1450.48
14657.0,1450.19
16121.0,1450.04
15876.0,1449.14
13023.0,1449.03
15076.0,1447.74
17582.0,1446.95
17073.0,1446.09
13583.0,1445.03
15636.0,1444.58
17175.0,1443.69
17734.0,1442.32
18106.0,1441.06
18066.0,1440.4
13543.0,1439.61
14071.0,1437.57
16088.0,1437.43
13278.0,1435.85
12805.0,1434.95
12389.0,1433.33
17941.0,1433.28
13475.0,1431.78
15427.0,1430.54
15468.0,1430.48
14684.0,1430.03
17950.0,1429.46
13159.0,1429.35
18071.0,1428.63
14412.0,1426.19
17411.0,1425.38
18221.0,1424.94
13145.0,1423.52
16980.0,1422.83
17438.0,1422.77
15106.0,1422.52
16463.0,1422.4
14019.0,1421.61
15799.0,1421.34
14775.0,1418.46
16173.0,1418.32
17856.0,1418.03
15223.0,1417.95
16245.0,1413.66
17496.0,1412.89
15237.0,1412.32
16848.0,1411.62
15444.0,1411.21
16906.0,1410.92
17714.0,1410.18
17545.0,1409.86
16854.0,1408.96
13049.0,1408.24
12695.0,1407.12
15652.0,1405.94
14909.0,1404.68
12765.0,1404.58
18189.0,1403.73
15186.0,1403.2
13259.0,1402.54
14687.0,1402.06
16926.0,1399.86
18202.0,1396.99
16129.0,1396.05
14487.0,1391.37
15322.0,1390.86
15141.0,1388.47
12952.0,1387.79
13382.0,1387.58
16167.0,1386.12
18167.0,1384.86
13572.0,1384.25
14116.0,1382.74
16389.0,1382.07
14861.0,1380.73
15751.0,1380.44
13821.0,1379.08
17878.0,1378.93
13074.0,1378.74
12886.0,1378.4
16727.0,1377.77
14853.0,1376.87
14662.0,1376.43
14083.0,1376.2
15580.0,1375.39
17908.0,1374.5
14265.0,1373.35
14434.0,1372.8
15453.0,1371.77
14538.0,1370.84
14316.0,1370.34
12533.0,1367.89
16300.0,1367.32
13035.0,1364.2
14577.0,1364.15
14114.0,1364.09
13760.0,1363.64
15347.0,1363.6
16588.0,1361.28
13396.0,1360.99
13919.0,1360.68
16384.0,1358.95
17150.0,1357.95
17429.0,1357.46
12875.0,1356.99
17054.0,1356.33
15116.0,1352.75
16079.0,1352.0
17796.0,1351.04
16367.0,1350.48
14847.0,1348.95
15411.0,1348.93
16669.0,1348.88
12646.0,1346.97
14320.0,1346.75
13639.0,1346.27
15398.0,1345.53
12426.0,1345.21
14550.0,1345.06
12463.0,1344.78
15154.0,1343.72
14618.0,1342.32
13743.0,1341.6
17499.0,1341.39
12620.0,1339.41
12711.0,1339.05
12591.0,1338.95
13803.0,1338.91
13220.0,1336.09
12919.0,1335.19
17033.0,1332.79
17932.0,1331.57
14899.0,1331.38
16295.0,1328.55
13232.0,1328.35
14712.0,1328.07
15146.0,1327.16
14956.0,1325.0
12960.0,1322.07
13497.0,1320.33
14591.0,1320.21
17097.0,1318.08
12526.0,1316.66
14921.0,1316.07
14511.0,1314.81
14973.0,1314.45
16296.0,1313.67
13282.0,1313.19
12364.0,1313.1
12639.0,1312.37
16756.0,1312.37
12987.0,1312.21
17027.0,1310.63
13855.0,1310.34
16955.0,1309.41
12717.0,1308.91
13328.0,1308.48
16377.0,1308.48
13846.0,1307.79
16282.0,1307.58
16894.0,1306.96
15677.0,1305.63
14297.0,1305.33
15813.0,1303.91
15400.0,1302.3
16370.0,1301.91
16574.0,1301.78
15108.0,1300.25
14284.0,1299.65
14480.0,1299.52
16943.0,1299.49
14479.0,1299.11
12488.0,1298.66
16464.0,1298.66
12372.0,1298.04
18286.0,1296.43
16929.0,1295.39
13440.0,1295.25
16212.0,1293.71
15621.0,1293.03
16777.0,1292.18
15471.0,1292.01
16744.0,1291.91
17109.0,1291.71
14619.0,1291.24
14856.0,1290.53
16372.0,1290.31
15171.0,1289.5
14679.0,1289.44
15774.0,1288.34
15136.0,1286.7
16608.0,1286.62
16949.0,1286.27
13300.0,1285.51
14821.0,1278.95
13617.0,1278.75
17521.0,1278.06
16951.0,1277.75
15211.0,1277.48
14478.0,1276.66
17034.0,1276.42
13916.0,1275.81
17142.0,1275.25
14820.0,1274.76
15809.0,1274.44
14167.0,1274.29
14490.0,1273.47
13443.0,1273.16
17478.0,1272.8
12394.0,1272.48
16222.0,1272.05
12630.0,1270.88
13492.0,1269.84
15439.0,1269.05
15584.0,1268.2
13892.0,1267.65
17037.0,1267.32
17531.0,1266.82
13515.0,1265.82
17635.0,1265.58
15038.0,1265.41
14379.0,1265.16
16842.0,1264.19
14427.0,1263.52
17759.0,1261.88
13065.0,1260.91
16688.0,1260.86
14984.0,1260.51
18035.0,1260.23
17343.0,1259.94
12993.0,1259.63
13689.0,1259.5
15009.0,1259.43
15651.0,1259.06
14474.0,1258.89
14931.0,1257.68
12402.0,1256.9
17481.0,1255.59
17862.0,1254.89
14419.0,1254.64
15064.0,1254.41
15441.0,1254.21
15664.0,1254.03
16292.0,1253.76
14725.0,1252.74
15579.0,1250.63
15599.0,1250.06
18135.0,1249.62
14020.0,1249.01
12666.0,1248.42
14383.0,1247.69
12689.0,1247.61
14240.0,1247.49
13860.0,1245.9
17076.0,1242.75
17529.0,1240.25
13863.0,1239.55
12985.0,1239.38
14231.0,1235.62
13201.0,1233.06
12605.0,1232.95
16527.0,1232.94
16159.0,1232.79
18080.0,1231.5
16723.0,1231.36
12673.0,1230.02
13019.0,1229.95
14871.0,1228.17
17342.0,1227.54
12866.0,1227.35
15800.0,1227.07
17456.0,1225.42
15269.0,1225.36
15303.0,1224.18
14428.0,1224.06
13787.0,1222.5
16946.0,1222.04
15376.0,1221.56
17132.0,1220.91
14430.0,1220.9
15004.0,1220.77
13243.0,1220.38
13299.0,1218.7
13304.0,1217.99
14698.0,1217.27
15390.0,1216.66
14512.0,1215.97
15661.0,1215.95
17410.0,1214.72
17198.0,1213.88
13405.0,1213.81
13140.0,1213.18
18263.0,1213.16
16872.0,1213.13
13918.0,1212.84
16653.0,1212.66
12464.0,1212.05
15377.0,1211.75
14193.0,1210.19
17653.0,1207.56
16830.0,1207.5
18193.0,1207.35
16762.0,1207.24
12742.0,1201.52
17360.0,1200.51
14446.0,1200.28
15181.0,1200.2
15600.0,1199.31
17397.0,1198.28
17713.0,1198.09
16307.0,1194.92
15145.0,1194.73
13723.0,1194.08
14382.0,1193.63
14201.0,1193.54
12611.0,1193.32
13293.0,1192.94
16306.0,1192.82
13976.0,1192.36
14213.0,1192.2
16501.0,1191.23
13882.0,1191.13
16471.0,1189.98
12462.0,1189.59
17239.0,1189.45
14275.0,1189.38
18057.0,1188.46
15573.0,1188.42
18181.0,1188.34
15737.0,1188.12
17800.0,1187.21
13388.0,1185.65
18060.0,1185.46
14206.0,1185.01
15259.0,1182.38
17021.0,1182.22
13526.0,1182.0
13395.0,1180.23
18277.0,1180.05
13270.0,1180.0
17058.0,1179.89
16614.0,1179.79
16693.0,1179.48
13797.0,1179.45
17062.0,1179.14
16345.0,1178.79
18025.0,1177.72
17539.0,1176.84
13233.0,1176.46
15210.0,1176.19
14370.0,1175.78
15994.0,1175.68
12885.0,1175.22
15068.0,1174.9
12915.0,1174.75
12640.0,1174.58
14126.0,1172.46
12691.0,1170.4
17373.0,1167.5
17664.0,1166.23
14693.0,1165.36
15525.0,1165.15
14261.0,1163.45
16800.0,1162.65
17525.0,1161.9
12546.0,1161.5
12972.0,1161.2
13897.0,1160.72
13459.0,1160.41
15088.0,1160.07
13601.0,1159.99
16838.0,1159.61
13499.0,1159.11
17513.0,1158.8
16184.0,1158.79
17169.0,1156.73
14788.0,1156.32
17127.0,1155.03
13030.0,1154.8
16637.0,1154.47
13462.0,1153.85
14818.0,1153.56
17984.0,1152.19
14475.0,1151.15
12475.0,1149.64
12710.0,1149.02
15028.0,1148.91
14308.0,1147.02
16766.0,1145.6
17477.0,1144.3
12769.0,1143.6
14585.0,1143.27
17770.0,1143.27
17201.0,1143.1
12439.0,1142.88
13856.0,1142.03
16270.0,1141.24
16521.0,1140.11
15586.0,1139.1
17500.0,1138.0
15879.0,1137.8
17302.0,1135.63
17866.0,1134.95
13109.0,1134.03
15022.0,1133.44
16989.0,1133.25
18125.0,1131.75
15500.0,1131.56
13393.0,1131.45
12616.0,1131.1
15695.0,1131.04
17622.0,1130.21
12427.0,1129.3
13447.0,1129.14
14450.0,1128.44
12373.0,1127.65
14671.0,1127.45
15969.0,1127.05
12503.0,1126.0
13167.0,1125.15
13778.0,1124.49
14917.0,1123.75
17492.0,1122.42
13486.0,1122.41
17562.0,1122.38
18218.0,1121.84
13368.0,1121.5
13589.0,1120.74
17007.0,1120.1
16354.0,1119.46
17423.0,1118.95
16430.0,1117.94
17788.0,1117.9
16278.0,1117.84
16769.0,1117.05
14080.0,1115.68
13509.0,1114.72
16203.0,1114.54
14672.0,1113.14
12679.0,1113.02
12648.0,1112.0
16139.0,1111.15
16702.0,1110.83
15069.0,1109.53
15559.0,1109.4
15828.0,1108.82
15933.0,1107.46
14375.0,1106.82
14891.0,1106.73
14102.0,1105.88
17812.0,1105.29
12434.0,1103.43
16895.0,1102.9
14948.0,1101.97
13295.0,1101.97
12785.0,1100.4
16014.0,1100.28
14009.0,1099.91
17137.0,1099.81
12421.0,1098.6
13108.0,1098.52
16916.0,1098.45
14971.0,1097.98
13835.0,1095.27
17703.0,1094.84
15745.0,1094.59
14460.0,1093.5
12803.0,1092.81
17726.0,1092.06
14199.0,1091.7
16805.0,1091.34
16211.0,1090.59
13853.0,1090.14
12534.0,1089.18
15254.0,1088.35
16188.0,1087.66
16223.0,1087.05
15763.0,1086.92
14139.0,1086.8
13546.0,1086.24
16298.0,1085.7
14013.0,1084.57
17420.0,1084.43
16533.0,1082.81
14805.0,1082.55
14561.0,1080.76
13744.0,1080.52
13726.0,1079.66
14343.0,1079.66
12354.0,1079.4
13567.0,1079.29
15546.0,1079.1
14352.0,1078.96
13656.0,1078.85
16183.0,1077.81
16642.0,1077.45
17366.0,1077.24
16071.0,1076.8
13607.0,1075.81
16048.0,1075.23
15912.0,1074.7
16231.0,1074.47
13727.0,1074.15
15238.0,1071.99
13467.0,1071.91
12801.0,1071.82
13521.0,1071.73
16593.0,1071.14
14484.0,1070.98
16884.0,1070.97
17522.0,1070.71
12728.0,1070.17
17871.0,1068.95
17854.0,1068.5
16386.0,1068.16
15436.0,1067.75
15626.0,1067.52
17277.0,1065.35
15639.0,1065.08
13959.0,1064.77
14488.0,1064.28
14966.0,1064.26
15801.0,1063.95
12936.0,1063.9
17849.0,1063.76
12815.0,1063.46
14411.0,1063.0
17616.0,1060.8
15706.0,1060.56
17727.0,1060.25
17421.0,1059.41
18130.0,1059.39
17214.0,1059.12
14734.0,1056.42
12791.0,1056.11
15645.0,1055.17
15977.0,1054.73
12716.0,1053.49
12580.0,1052.9
15886.0,1052.87
15855.0,1052.72
16391.0,1052.26
14947.0,1049.79
13775.0,1049.66
17934.0,1049.15
15026.0,1048.89
15839.0,1048.49
16728.0,1048.28
17578.0,1047.33
17474.0,1047.0
15407.0,1046.74
15091.0,1046.61
17555.0,1045.74
14108.0,1044.96
15464.0,1044.65
15535.0,1044.37
13359.0,1043.31
14813.0,1041.79
16903.0,1041.75
16991.0,1041.21
16261.0,1041.16
13613.0,1039.85
13873.0,1038.92
12486.0,1037.28
17042.0,1036.58
14902.0,1035.62
17926.0,1035.49
16260.0,1035.45
12811.0,1033.9
17724.0,1033.0
14248.0,1032.95
13000.0,1032.5
17405.0,1031.41
13235.0,1031.07
16198.0,1030.04
14932.0,1029.66
16418.0,1028.74
15333.0,1028.56
16385.0,1028.55
16682.0,1028.0
17869.0,1027.96
16227.0,1027.22
15887.0,1027.15
15003.0,1027.03
17749.0,1026.18
16160.0,1025.44
13602.0,1025.17
17310.0,1025.1
14204.0,1024.83
17362.0,1024.04
16568.0,1020.9
12572.0,1020.42
13376.0,1019.76
18142.0,1019.52
12403.0,1019.36
13956.0,1019.27
16441.0,1019.13
12828.0,1018.71
16284.0,1018.48
12905.0,1018.42
16787.0,1017.53
12793.0,1017.33
15970.0,1017.32
12652.0,1017.03
13641.0,1016.47
13333.0,1015.74
14675.0,1015.58
16623.0,1015.24
14355.0,1014.45
12410.0,1013.71
13466.0,1013.35
12642.0,1013.26
15951.0,1013.17
16451.0,1013.15
17197.0,1013.01
17980.0,1012.72
15713.0,1010.79
13039.0,1010.73
16572.0,1009.6
13258.0,1009.43
16287.0,1006.98
13429.0,1006.8
15850.0,1006.75
13238.0,1006.63
15771.0,1006.54
13427.0,1006.53
12703.0,1006.53
13549.0,1005.8
13867.0,1005.09
14214.0,1004.38
15363.0,1004.11
18160.0,1003.88
16435.0,1003.07
12446.0,1002.31
16122.0,1001.34
13857.0,1001.01
14255.0,1000.63
12545.0,1000.39
15508.0,1000.27
18143.0,1000.16
13005.0,999.68
12413.0,999.45
17205.0,999.35
17329.0,998.53
16863.0,998.52
17631.0,998.49
12722.0,997.63
16898.0,997.29
13965.0,996.61
16699.0,994.6
13292.0,994.51
17237.0,994.13
15104.0,993.54
17299.0,993.23
14223.0,991.13
13559.0,990.0
13245.0,989.22
15973.0,988.44
17883.0,988.42
15176.0,988.04
16130.0,987.48
18237.0,987.1
13439.0,986.61
12862.0,984.62
17144.0,984.57
14142.0,983.15
15109.0,983.1
12541.0,981.18
12543.0,980.25
14510.0,979.85
14230.0,979.8
15025.0,979.79
17369.0,979.2
13350.0,979.12
14157.0,978.69
15132.0,977.93
14454.0,977.3
17123.0,977.17
17221.0,976.62
15247.0,976.06
15406.0,975.87
15165.0,975.5
16376.0,974.96
15646.0,974.61
15449.0,974.52
12994.0,974.42
17958.0,973.88
12525.0,973.73
16009.0,972.11
16535.0,972.04
14350.0,972.03
17100.0,971.74
14953.0,971.32
15208.0,970.52
18006.0,969.51
13223.0,969.12
16254.0,967.44
13204.0,966.66
14138.0,965.88
17987.0,965.44
15084.0,965.2
12550.0,964.83
16763.0,964.7
15268.0,961.9
15156.0,961.49
16518.0,959.37
12588.0,958.78
18192.0,957.97
12697.0,957.59
17080.0,957.53
12675.0,957.25
17172.0,956.57
16141.0,955.94
12990.0,955.5
14629.0,955.26
16947.0,955.21
12505.0,955.2
15430.0,954.75
17298.0,954.26
15835.0,954.09
17189.0,953.63
12414.0,952.41
14615.0,951.76
17955.0,949.9
12767.0,949.82
17081.0,949.39
13046.0,949.25
13636.0,949.12
15177.0,948.93
12822.0,948.88
12874.0,948.42
12355.0,947.61
17516.0,947.5
16136.0,946.8
14994.0,946.72
16861.0,946.59
17356.0,946.47
16146.0,946.38
18217.0,945.04
17544.0,944.82
13261.0,944.1
17860.0,943.84
16199.0,942.75
17604.0,942.38
15385.0,942.08
14958.0,941.99
14326.0,940.98
13416.0,940.8
15107.0,940.35
13936.0,939.66
16109.0,939.48
17527.0,939.37
14437.0,936.34
17020.0,935.62
14140.0,935.05
12942.0,934.35
16781.0,934.25
15792.0,933.84
15787.0,933.26
16661.0,932.76
18154.0,932.6
18133.0,931.5
12396.0,931.43
13465.0,931.12
14924.0,931.01
15723.0,930.7
14338.0,928.1
13288.0,927.61
15243.0,927.28
17805.0,927.03
16975.0,926.12
12745.0,925.41
13805.0,924.6
14128.0,924.21
18001.0,924.14
16643.0,923.11
13034.0,922.68
17322.0,922.59
15654.0,922.53
13122.0,922.39
17472.0,922.35
16362.0,922.16
13934.0,922.1
14605.0,921.56
12638.0,921.49
15576.0,921.37
15957.0,921.25
14272.0,920.81
17363.0,920.46
12998.0,920.08
14568.0,919.7
13075.0,919.61
13872.0,919.57
15304.0,919.55
17760.0,918.93
16204.0,918.71
14342.0,918.44
12368.0,917.7
14061.0,917.43
14015.0,917.34
15707.0,916.98
14423.0,916.61
14176.0,916.01
14839.0,915.28
14141.0,915.13
16216.0,914.93
14549.0,913.6
15364.0,913.19
14359.0,912.18
15244.0,912.08
16034.0,911.32
14289.0,911.26
14133.0,911.14
16138.0,910.35
13038.0,908.46
15097.0,908.35
17464.0,907.14
14714.0,906.24
14969.0,906.23
12808.0,906.1
13573.0,904.52
13255.0,904.46
15180.0,904.43
17746.0,904.18
17176.0,902.32
17382.0,902.28
13548.0,901.44
15511.0,900.53
12945.0,900.11
14729.0,899.73
12940.0,899.69
16834.0,898.96
15710.0,898.87
15992.0,896.6
13996.0,895.76
17226.0,895.47
15066.0,893.59
12772.0,892.47
17155.0,892.46
16784.0,892.33
16442.0,891.98
15393.0,891.34
16361.0,891.21
14065.0,891.02
15824.0,890.94
17537.0,887.67
16900.0,887.11
15900.0,886.57
16228.0,885.71
17704.0,885.19
16411.0,884.94
17708.0,884.18
15907.0,882.72
18141.0,882.47
16387.0,882.46
17480.0,882.23
17143.0,880.97
12680.0,880.81
16677.0,880.62
13937.0,880.13
14551.0,878.09
14612.0,877.7
15653.0,877.44
14645.0,876.89
17864.0,876.57
13768.0,875.97
13166.0,875.93
14681.0,875.15
16513.0,874.59
16657.0,874.43
15469.0,874.25
17361.0,871.79
15224.0,871.36
13200.0,870.09
17566.0,869.77
14753.0,869.51
16948.0,868.77
16357.0,868.37
17167.0,867.11
16567.0,865.6
13922.0,865.2
14600.0,865.17
18156.0,862.52
16668.0,862.42
12787.0,862.18
17358.0,861.01
12794.0,860.41
13339.0,860.12
14372.0,860.08
13891.0,859.21
12440.0,859.2
15870.0,857.46
15287.0,856.03
17161.0,856.01
15542.0,855.71
17968.0,855.54
17064.0,855.45
12878.0,854.99
13945.0,854.15
14873.0,854.13
13991.0,852.88
14686.0,852.53
15266.0,852.21
16070.0,852.15
12696.0,851.91
17674.0,851.7
13479.0,851.37
16020.0,851.01
17223.0,850.88
18108.0,848.81
12713.0,848.55
15264.0,848.4
15784.0,848.33
14202.0,847.76
13221.0,847.41
13487.0,846.87
16877.0,846.62
13970.0,846.55
14803.0,845.55
16500.0,843.91
14922.0,843.74
15070.0,843.25
16344.0,842.42
16846.0,842.41
17638.0,842.4
16810.0,842.04
14862.0,841.2
16798.0,841.16
12891.0,840.5
13169.0,840.08
18247.0,839.73
13940.0,839.14
17332.0,838.27
14037.0,836.95
15832.0,836.79
14929.0,836.69
13569.0,836.36
13795.0,836.3
16747.0,836.06
13386.0,835.46
16737.0,835.2
15012.0,834.82
15190.0,834.44
16644.0,833.78
12903.0,833.53
13175.0,831.45
15766.0,831.06
15759.0,830.93
16924.0,829.89
14087.0,829.47
14851.0,829.41
12730.0,829.25
12953.0,828.81
15617.0,828.55
17003.0,828.21
13681.0,827.83
17045.0,827.68
15945.0,827.27
12792.0,827.01
12461.0,826.88
12781.0,826.74
16494.0,826.53
17880.0,824.92
13513.0,824.59
14260.0,824.28
16264.0,823.53
15137.0,823.4
14508.0,822.92
15847.0,822.57
16164.0,822.48
16680.0,821.45
16246.0,821.35
13893.0,821.1
15314.0,820.45
16135.0,819.45
17683.0,819.01
13612.0,818.29
15483.0,817.82
14890.0,817.25
18043.0,817.2
16869.0,817.12
14872.0,816.6
13514.0,815.9
15399.0,815.77
14556.0,815.69
13811.0,814.5
12763.0,814.16
16658.0,814.07
14624.0,814.07
16621.0,813.48
17194.0,812.5
16460.0,811.23
16624.0,810.57
13045.0,808.92
15533.0,807.57
17495.0,806.72
12797.0,806.11
12632.0,804.88
13637.0,804.3
18248.0,804.02
16469.0,803.9
15644.0,803.54
18265.0,801.51
16127.0,801.31
17114.0,801.12
17023.0,800.18
13720.0,799.9
13041.0,799.13
17251.0,798.98
16438.0,798.35
15309.0,797.96
13389.0,797.96
17281.0,797.85
15637.0,797.59
16155.0,796.9
15396.0,796.38
16952.0,795.83
18084.0,795.23
13336.0,795.12
15831.0,794.64
16961.0,794.56
17212.0,794.41
16679.0,793.06
13296.0,792.51
14022.0,792.15
16250.0,791.38
14976.0,790.86
13484.0,790.72
13544.0,790.2
14656.0,790.0
13016.0,789.89
16759.0,789.79
16472.0,789.6
15448.0,788.81
17952.0,788.46
14557.0,788.38
17817.0,788.15
14513.0,788.01
13323.0,787.85
16468.0,787.52
13212.0,786.83
14463.0,786.57
12628.0,786.46
16739.0,786.43
13770.0,785.37
13541.0,785.25
15806.0,784.58
13595.0,784.48
13415.0,784.17
15714.0,783.96
12761.0,782.95
16836.0,782.37
15952.0,781.91
17255.0,781.7
13453.0,781.69
13287.0,781.59
15679.0,781.28
15239.0,780.59
13502.0,780.5
15246.0,780.4
17691.0,780.05
18228.0,779.9
12735.0,779.57
12504.0,779.05
13781.0,778.83
14815.0,778.5
16958.0,778.49
14690.0,777.68
16505.0,777.6
13563.0,777.53
13745.0,777.36
15837.0,777.01
15794.0,777.0
15618.0,776.85
14997.0,776.6
15092.0,776.46
15743.0,775.96
13314.0,775.94
13341.0,775.85
17482.0,775.64
15921.0,775.26
15414.0,774.9
15773.0,774.52
18058.0,774.06
18112.0,773.36
16565.0,773.05
15075.0,773.03
17349.0,772.41
12923.0,770.42
17801.0,770.03
14838.0,769.92
12965.0,769.81
16480.0,769.29
16978.0,768.88
13980.0,768.82
13356.0,768.24
15331.0,767.91
13712.0,766.42
12991.0,764.82
14413.0,764.52
13699.0,764.15
16602.0,763.33
17466.0,763.28
15428.0,762.75
16806.0,762.16
13598.0,761.96
14883.0,761.59
17425.0,759.17
18246.0,758.82
16720.0,758.74
15908.0,758.62
15568.0,758.29
15006.0,757.78
16392.0,756.7
16262.0,755.15
16892.0,754.75
18104.0,754.64
18034.0,754.2
14234.0,754.12
14247.0,753.56
17579.0,753.28
14998.0,753.18
13730.0,752.6
13070.0,751.7
14923.0,749.1
16972.0,749.0
14048.0,748.69
15656.0,748.5
17387.0,746.81
14942.0,746.56
17889.0,746.42
14050.0,746.36
16465.0,746.24
18190.0,745.62
14228.0,745.5
13950.0,745.06
13236.0,744.85
12871.0,744.02
13354.0,743.53
14104.0,743.53
17038.0,743.17
16730.0,743.11
15420.0,743.0
14302.0,742.9
12465.0,742.19
18275.0,741.85
13721.0,741.54
13713.0,740.76
15919.0,739.77
15720.0,739.22
12603.0,739.2
15922.0,739.0
15988.0,738.89
15462.0,737.05
16075.0,736.93
17461.0,735.82
15045.0,735.66
12527.0,735.51
17430.0,735.17
13286.0,734.91
15938.0,734.81
12537.0,732.94
17979.0,732.41
13780.0,732.07
13575.0,732.07
17548.0,731.26
17681.0,731.2
14778.0,730.86
13921.0,730.7
13452.0,729.8
12925.0,729.33
15872.0,729.25
18163.0,728.84
17756.0,728.75
12786.0,728.5
17547.0,727.85
17141.0,727.58
17374.0,727.11
16447.0,727.1
18078.0,725.53
12723.0,725.07
17964.0,724.97
18187.0,724.89
13729.0,724.73
14798.0,724.31
17572.0,723.01
15368.0,722.74
13264.0,722.56
17615.0,721.8
13441.0,720.9
16023.0,719.81
17999.0,718.8
13537.0,717.85
13604.0,717.62
16269.0,717.57
12573.0,717.41
16526.0,717.21
15274.0,716.57
12519.0,716.54
12535.0,716.35
12492.0,715.21
15330.0,714.96
13512.0,713.39
14026.0,713.11
13147.0,712.8
17761.0,712.78
14470.0,712.04
15127.0,711.5
13103.0,709.64
13057.0,709.59
13927.0,708.26
12485.0,708.1
14398.0,707.79
16449.0,707.69
12453.0,707.09
13626.0,707.04
16309.0,706.57
17051.0,706.49
12890.0,706.02
16364.0,705.79
16882.0,705.12
16015.0,704.55
12612.0,704.04
16274.0,703.5
12883.0,703.47
15103.0,703.36
17561.0,703.02
14699.0,702.6
16997.0,702.0
17825.0,701.96
14324.0,701.61
14179.0,701.57
14356.0,701.23
13833.0,700.41
17163.0,699.78
13242.0,699.4
16018.0,698.13
14497.0,697.06
16415.0,696.76
15700.0,696.68
14959.0,695.42
13101.0,695.4
15995.0,694.54
15053.0,693.95
14111.0,692.85
17733.0,692.19
12817.0,690.98
14880.0,690.59
16545.0,689.82
17834.0,689.67
17502.0,689.1
15361.0,689.07
12450.0,688.2
18017.0,688.0
15901.0,687.72
14809.0,686.76
13898.0,686.4
16824.0,686.24
17935.0,686.14
12658.0,686.05
15257.0,685.9
15219.0,685.45
15184.0,685.39
16885.0,684.6
13585.0,684.54
15669.0,684.34
15207.0,683.92
17874.0,683.46
14222.0,683.17
15582.0,682.91
13987.0,682.54
12601.0,681.26
12478.0,680.99
18271.0,680.85
18082.0,680.84
13524.0,680.18
13809.0,679.7
13430.0,679.45
14151.0,679.45
17782.0,679.02
16646.0,678.8
14182.0,678.77
13925.0,678.25
13974.0,677.72
16601.0,677.0
13040.0,676.99
17462.0,675.69
13325.0,675.3
13355.0,674.7
13951.0,674.45
14504.0,673.26
16648.0,672.8
16226.0,672.17
17011.0,671.7
15562.0,671.43
17709.0,671.01
13398.0,670.34
17418.0,670.06
13741.0,668.43
16268.0,667.65
17962.0,666.96
18123.0,666.64
13217.0,666.48
17105.0,665.78
16132.0,664.2
16704.0,664.16
13596.0,664.11
15643.0,664.0
14720.0,663.81
16573.0,663.61
15350.0,663.25
12837.0,662.66
13864.0,662.4
16862.0,662.33
14425.0,661.39
13028.0,661.32
12386.0,660.8
17375.0,660.55
14603.0,660.0
15405.0,659.84
15492.0,659.46
13759.0,659.41
14452.0,658.95
13622.0,658.95
14150.0,658.64
13433.0,658.32
16887.0,658.17
15880.0,658.06
15715.0,658.02
16696.0,657.9
17852.0,657.81
17459.0,657.3
16157.0,656.69
16708.0,656.63
14558.0,655.5
17371.0,655.37
16117.0,654.4
17398.0,653.38
13496.0,653.33
18121.0,653.3
15205.0,653.24
13820.0,652.75
17523.0,652.74
13840.0,651.4
12855.0,650.94
16056.0,650.75
16969.0,650.41
17779.0,650.32
14034.0,648.89
12844.0,648.6
16495.0,648.26
17777.0,647.56
16734.0,646.76
13474.0,646.59
14024.0,645.74
17380.0,645.0
12719.0,644.95
16185.0,644.72
17312.0,644.3
17976.0,643.58
17963.0,643.16
13237.0,643.0
15297.0,641.94
14537.0,641.4
12365.0,641.38
12624.0,641.13
13318.0,640.76
14563.0,640.54
12538.0,640.45
12880.0,640.13
15183.0,639.93
12734.0,639.65
15648.0,639.5
17998.0,639.24
16428.0,638.49
12699.0,638.11
14664.0,636.24
15829.0,636.14
16534.0,635.9
17334.0,635.15
14365.0,634.68
14219.0,633.83
15666.0,632.94
13540.0,632.39
14237.0,632.14
18183.0,632.07
13822.0,632.0
17985.0,631.35
13706.0,631.17
16193.0,630.43
16399.0,630.22
13525.0,628.78
14283.0,628.44
16158.0,628.32
13480.0,627.82
13518.0,627.16
14036.0,626.65
13914.0,626.45
14381.0,625.94
14793.0,625.9
16715.0,625.52
16330.0,625.38
17134.0,625.3
13776.0,623.98
16750.0,623.93
15147.0,623.5
16792.0,623.46
16431.0,623.28
15258.0,623.16
12575.0,622.82
14115.0,622.67
17005.0,622.36
18101.0,622.01
14169.0,621.51
16368.0,621.44
15016.0,620.89
13836.0,620.37
14339.0,620.27
12667.0,620.13
15276.0,619.8
13444.0,619.08
13020.0,618.96
14079.0,618.73
13493.0,618.63
16613.0,618.59
14594.0,618.33
12596.0,618.27
13301.0,618.09
14455.0,617.72
15956.0,617.6
14377.0,617.05
13369.0,616.56
16311.0,616.26
17639.0,615.17
15275.0,615.14
14077.0,615.08
16847.0,614.89
16566.0,614.66
16844.0,614.34
16343.0,614.12
14570.0,613.75
17035.0,613.59
15362.0,613.08
16116.0,612.78
16178.0,612.6
16589.0,612.36
12513.0,612.29
13008.0,612.13
15232.0,612.06
16922.0,611.08
13731.0,610.59
13832.0,609.89
14636.0,609.85
15748.0,609.81
17325.0,609.57
17707.0,609.3
16675.0,608.86
13933.0,608.79
15018.0,607.46
17473.0,607.0
15717.0,607.0
17119.0,606.91
15158.0,606.02
16590.0,605.9
17507.0,605.58
14323.0,605.06
16321.0,604.55
12944.0,604.51
14611.0,604.33
13106.0,603.46
12707.0,603.42
18264.0,603.25
16022.0,602.63
16080.0,602.56
12654.0,601.98
17270.0,601.45
14254.0,601.03
12420.0,600.39
17745.0,600.34
18211.0,600.07
17678.0,599.76
12521.0,599.68
12556.0,599.56
13311.0,598.57
15424.0,597.78
14569.0,597.33
15631.0,596.67
16780.0,596.4
15346.0,596.12
17845.0,596.09
14965.0,596.09
17209.0,595.7
17658.0,595.42
13684.0,594.88
14771.0,594.62
13558.0,594.52
15929.0,594.0
15442.0,594.0
14746.0,593.5
16412.0,593.19
18232.0,592.97
16776.0,592.51
13472.0,592.24
17815.0,591.96
17156.0,591.87
12790.0,591.85
17483.0,591.73
15524.0,591.4
17098.0,591.07
15160.0,589.27
15624.0,588.13
15191.0,588.05
17890.0,586.89
14173.0,586.0
17392.0,585.92
12384.0,585.27
12800.0,584.25
14023.0,584.07
15762.0,583.75
17014.0,583.43
16001.0,583.39
14670.0,583.33
16445.0,583.16
15918.0,582.88
16100.0,582.64
16802.0,582.61
17099.0,582.17
14742.0,579.85
16596.0,579.63
15588.0,579.6
14529.0,578.61
18262.0,577.54
15830.0,576.0
17557.0,575.46
17773.0,575.37
12859.0,575.1
13262.0,573.45
17274.0,573.22
12879.0,573.22
13424.0,572.77
13379.0,572.56
13179.0,572.31
14053.0,572.3
12816.0,572.2
13816.0,571.67
15198.0,571.35
15691.0,571.3
18053.0,571.07
15821.0,570.96
13190.0,570.66
15315.0,570.5
17122.0,570.5
15857.0,570.48
14170.0,570.18
17433.0,569.96
15169.0,569.22
15920.0,569.14
13406.0,568.92
18244.0,568.64
13321.0,567.36
16667.0,567.18
14208.0,567.05
15627.0,566.9
13998.0,566.7
18150.0,566.58
13894.0,564.62
15344.0,563.94
15143.0,563.63
15597.0,563.37
17665.0,563.1
14986.0,563.1
17195.0,562.98
17970.0,562.79
12559.0,561.71
17233.0,560.86
15655.0,560.67
17413.0,560.14
14273.0,559.97
15415.0,559.61
17503.0,558.96
14592.0,557.94
13260.0,557.62
18127.0,556.13
13024.0,555.87
15102.0,554.67
15634.0,554.65
18056.0,554.6
16641.0,554.5
15650.0,553.88
17407.0,552.9
17016.0,552.4
12363.0,552.0
13677.0,551.24
16414.0,551.21
17291.0,550.8
17265.0,550.01
12390.0,549.84
16111.0,549.33
15055.0,549.12
15200.0,549.05
15842.0,548.8
13948.0,548.76
16936.0,548.29
18039.0,548.22
16536.0,548.12
15598.0,548.02
16031.0,547.9
16811.0,547.07
17637.0,547.06
17295.0,547.0
17520.0,546.81
15080.0,546.25
17806.0,546.04
15728.0,544.6
18207.0,544.47
16475.0,544.3
13390.0,544.08
13955.0,544.07
14716.0,543.28
16927.0,543.05
15959.0,542.89
16519.0,542.76
13785.0,542.49
15675.0,542.04
16230.0,542.03
16060.0,541.95
16647.0,541.9
17447.0,541.53
17643.0,541.25
17580.0,541.02
16576.0,540.87
12819.0,540.52
12743.0,540.13
17524.0,539.14
13812.0,539.0
15539.0,538.46
13961.0,538.4
14539.0,537.48
16804.0,536.99
18140.0,536.41
13207.0,535.86
15890.0,535.65
16142.0,535.34
12810.0,534.99
13807.0,534.8
13385.0,534.57
17443.0,534.24
17436.0,534.06
16785.0,533.78
16707.0,533.41
13594.0,533.32
15433.0,533.3
15825.0,532.94
15659.0,532.49
15115.0,531.85
14940.0,531.49
16583.0,531.4
16706.0,531.35
16935.0,530.86
15917.0,530.17
18159.0,530.15
14002.0,529.73
17458.0,529.58
18191.0,529.4
16406.0,528.36
15756.0,528.01
18098.0,527.94
14616.0,527.78
12479.0,527.2
16421.0,526.27
15467.0,524.88
14417.0,524.65
15683.0,524.54
17765.0,524.0
13277.0,523.3
17712.0,522.91
13605.0,522.67
16413.0,522.03
17514.0,522.0
12956.0,521.89
15689.0,521.03
13977.0,519.81
12571.0,519.61
12777.0,519.45
12825.0,518.63
13600.0,518.42
12979.0,517.7
18205.0,517.36
14311.0,516.45
13043.0,516.42
14429.0,516.28
13859.0,515.86
18243.0,515.78
14949.0,515.0
17510.0,514.56
18212.0,514.37
12897.0,514.25
12977.0,513.88
18011.0,513.58
16829.0,513.32
13177.0,512.2
15891.0,511.68
12361.0,511.25
16561.0,511.12
13367.0,510.2
13710.0,509.52
14008.0,509.04
12436.0,509.01
12907.0,508.91
15417.0,508.8
17391.0,508.8
14317.0,508.58
13067.0,508.51
14552.0,507.93
17415.0,507.84
14158.0,507.66
17384.0,507.55
13885.0,506.8
13123.0,506.75
14647.0,506.04
12988.0,505.82
14807.0,504.14
17630.0,503.6
12376.0,503.15
12419.0,503.01
15138.0,502.52
17276.0,502.49
17266.0,501.72
13865.0,501.56
15881.0,501.39
14968.0,501.24
13116.0,501.14
13247.0,501.12
18049.0,500.92
17248.0,500.54
16616.0,500.42
12366.0,500.24
17110.0,499.9
13553.0,499.6
15193.0,499.32
16402.0,499.1
17256.0,498.93
16488.0,498.8
14171.0,498.79
17053.0,498.48
16820.0,497.61
17680.0,497.45
17335.0,497.04
17923.0,497.0
12943.0,496.5
15300.0,496.44
15278.0,496.16
12904.0,496.06
16977.0,496.0
17995.0,495.48
14319.0,494.85
16352.0,494.44
17333.0,494.25
15447.0,492.88
14270.0,492.65
18203.0,492.52
14310.0,492.1
13732.0,491.86
17269.0,491.81
14663.0,490.6
15000.0,490.52
15877.0,490.33
14416.0,490.22
12983.0,490.08
12634.0,490.0
17476.0,489.86
17715.0,489.6
17988.0,489.54
14722.0,489.52
17925.0,488.16
18280.0,488.15
17608.0,488.06
13412.0,487.35
16021.0,487.03
13733.0,487.03
13675.0,486.82
17453.0,486.72
12920.0,486.64
13153.0,486.22
15216.0,486.09
12443.0,485.31
16999.0,484.82
16024.0,483.99
16603.0,482.47
17996.0,482.33
12542.0,481.88
18216.0,481.75
17106.0,481.58
13176.0,481.49
15174.0,481.46
15048.0,479.7
13428.0,478.54
15589.0,478.53
12447.0,476.49
18176.0,476.35
15277.0,476.34
15507.0,475.86
15780.0,475.28
16552.0,475.02
14322.0,474.1
17104.0,474.03
16635.0,473.0
13194.0,472.78
14975.0,472.39
13642.0,472.2
13161.0,472.13
16038.0,471.78
15721.0,471.4
16473.0,470.83
13066.0,470.8
15963.0,470.76
17254.0,469.48
14058.0,469.19
14369.0,469.13
15557.0,468.91
15387.0,468.65
12554.0,468.5
13171.0,468.41
14491.0,468.13
17294.0,467.79
17187.0,467.71
14029.0,467.66
16390.0,467.5
12958.0,467.34
14052.0,466.66
14148.0,466.29
16504.0,465.88
13248.0,465.68
17181.0,465.37
13928.0,464.57
15349.0,463.91
14727.0,463.73
18083.0,463.53
17040.0,463.25
14627.0,462.75
14331.0,462.66
15958.0,462.12
14954.0,462.12
13624.0,462.08
18284.0,461.68
15540.0,460.68
12491.0,460.4
16310.0,460.08
17111.0,459.58
14118.0,458.45
13957.0,458.25
14599.0,457.89
14011.0,457.82
15121.0,457.72
16069.0,457.7
12375.0,457.5
17344.0,457.36
12564.0,456.9
14819.0,456.41
16039.0,456.4
14296.0,456.4
12999.0,455.88
15585.0,455.3
14335.0,454.86
16765.0,454.75
17067.0,454.54
12459.0,454.36
17140.0,454.12
15475.0,454.11
17564.0,454.01
17376.0,453.64
18158.0,453.4
16481.0,453.38
12729.0,453.01
14184.0,452.89
16799.0,452.78
13698.0,451.73
18100.0,451.56
15802.0,451.42
18031.0,451.3
15961.0,451.29
12831.0,451.11
15124.0,450.82
16870.0,450.16
13150.0,449.97
14784.0,449.93
13877.0,449.68
13489.0,449.52
15126.0,449.49
12448.0,449.45
15418.0,449.42
17823.0,449.25
15739.0,449.12
14761.0,447.92
14780.0,447.68
18201.0,447.53
16095.0,447.05
13754.0,447.05
14149.0,446.62
17370.0,446.18
14010.0,445.15
14328.0,445.05
18134.0,445.0
12788.0,444.9
18270.0,444.55
14638.0,443.6
16424.0,443.06
16404.0,443.05
18222.0,443.0
14996.0,442.29
17699.0,442.0
12579.0,440.42
18233.0,440.0
13954.0,439.92
16025.0,439.66
16968.0,439.43
13086.0,439.33
17718.0,439.18
13432.0,439.1
13358.0,439.03
13964.0,438.9
17729.0,438.65
15859.0,438.46
17807.0,437.87
12552.0,437.82
17070.0,437.42
14846.0,437.4
12672.0,437.05
14123.0,436.18
16084.0,436.18
16166.0,435.83
12445.0,434.98
13738.0,434.78
15323.0,434.6
14910.0,434.35
14238.0,434.23
16888.0,434.2
14093.0,433.86
16939.0,433.85
18029.0,433.77
12493.0,433.74
15613.0,433.72
16522.0,433.36
17178.0,432.96
17687.0,432.68
16604.0,432.45
16236.0,432.2
16881.0,432.0
14042.0,431.98
15488.0,431.92
17842.0,430.69
12452.0,430.57
12795.0,430.48
12827.0,430.15
15450.0,429.84
15461.0,429.7
14979.0,429.66
15230.0,429.6
15036.0,429.56
13413.0,429.44
15888.0,429.16
15553.0,428.93
18089.0,428.45
15360.0,427.93
12740.0,427.6
18285.0,427.0
17740.0,426.9
18152.0,426.69
15930.0,426.63
14288.0,426.6
15966.0,426.53
15217.0,426.24
14877.0,425.85
13703.0,425.56
15545.0,424.3
17103.0,424.3
16541.0,424.03
16913.0,423.91
17330.0,423.8
14097.0,422.86
13374.0,422.8
16137.0,422.7
16689.0,422.6
18240.0,422.58
16149.0,422.22
16773.0,421.24
14757.0,420.5
15206.0,420.3
15711.0,420.25
14575.0,420.22
13672.0,419.92
13442.0,419.87
13096.0,419.7
14124.0,419.58
13079.0,419.18
15262.0,418.82
12593.0,418.1
13073.0,418.08
17701.0,417.95
17855.0,417.94
17232.0,417.77
16832.0,417.61
14762.0,417.57
12833.0,417.38
17258.0,417.3
16816.0,417.06
15935.0,416.86
16957.0,416.64
15011.0,416.6
16355.0,416.35
16356.0,415.87
12930.0,415.8
12608.0,415.79
15725.0,415.25
14333.0,415.2
16752.0,415.0
13565.0,414.8
18278.0,414.2
13002.0,414.13
13669.0,413.55
14082.0,413.36
17601.0,413.08
17767.0,413.05
17662.0,412.92
14620.0,412.78
16932.0,412.55
18050.0,412.06
16272.0,411.7
15960.0,410.95
15099.0,410.48
17598.0,409.98
13827.0,409.8
15894.0,409.69
14581.0,409.65
14348.0,409.57
15225.0,409.4
16864.0,409.25
16921.0,409.21
16243.0,409.1
13686.0,409.04
12974.0,408.95
16629.0,408.63
16324.0,408.59
17285.0,407.94
12353.0,406.76
16632.0,406.4
17000.0,406.3
15342.0,406.09
12741.0,406.07
16815.0,406.02
18111.0,405.85
12922.0,405.38
13143.0,405.1
15941.0,405.0
13640.0,405.0
15968.0,404.55
13574.0,404.45
16319.0,404.4
16484.0,404.3
12498.0,403.7
14678.0,403.39
17785.0,403.38
17431.0,403.3
13530.0,402.98
16315.0,402.71
15504.0,402.7
17094.0,402.2
16998.0,402.0
14494.0,401.46
14471.0,400.95
17168.0,400.2
14358.0,400.06
15501.0,399.95
15446.0,399.75
18164.0,399.65
13252.0,399.3
18128.0,399.29
17052.0,399.09
17830.0,398.7
15522.0,397.99
13352.0,397.98
12508.0,397.88
15037.0,397.76
15280.0,397.52
15429.0,397.35
17789.0,397.15
12824.0,397.12
17486.0,396.87
13597.0,396.71
15883.0,396.48
17918.0,396.39
18067.0,396.33
15577.0,396.03
16893.0,395.82
13879.0,395.5
13083.0,395.43
12677.0,395.1
16538.0,395.07
18048.0,394.93
16207.0,394.38
15386.0,394.14
12499.0,393.72
17300.0,393.64
15345.0,393.54
15437.0,393.45
17563.0,392.38
18110.0,392.28
16827.0,392.13
16783.0,391.95
14072.0,390.85
14197.0,390.05
17116.0,389.78
18024.0,389.78
17379.0,389.72
14752.0,389.64
13345.0,389.5
17479.0,389.26
17286.0,389.18
12690.0,389.01
18227.0,388.75
15592.0,388.58
13896.0,388.55
13899.0,388.52
13673.0,387.44
17771.0,387.41
17595.0,386.69
16148.0,386.62
17614.0,386.32
14779.0,386.15
13584.0,385.7
16492.0,385.56
12973.0,385.55
12889.0,385.46
12829.0,385.3
14826.0,385.2
17617.0,385.19
17711.0,385.1
17171.0,384.59
16868.0,384.56
16433.0,384.52
17357.0,384.39
13966.0,384.26
16982.0,384.06
14598.0,384.04
15155.0,383.97
13792.0,383.95
17804.0,383.78
12515.0,383.7
15440.0,383.68
12547.0,383.58
12832.0,383.03
13817.0,382.98
17403.0,382.87
14767.0,382.81
16988.0,382.67
13657.0,382.14
17753.0,382.06
17250.0,381.97
14908.0,381.9
16304.0,381.66
15090.0,381.32
17393.0,381.15
17903.0,381.09
12796.0,381.0
17573.0,380.6
17936.0,380.13
14731.0,380.02
16577.0,380.0
14200.0,379.2
16909.0,379.14
16930.0,378.89
13372.0,378.64
17078.0,378.2
12651.0,377.75
12941.0,377.49
17736.0,377.44
17783.0,376.96
17717.0,376.92
16544.0,376.7
17489.0,376.64
14353.0,376.5
13997.0,376.46
14531.0,376.34
13688.0,375.5
14448.0,375.35
14294.0,375.34
14067.0,374.7
17912.0,374.55
17568.0,374.45
14736.0,374.05
13351.0,373.94
13283.0,373.36
17810.0,373.16
15337.0,373.02
13197.0,373.01
14981.0,372.92
12895.0,372.8
12544.0,372.7
12981.0,372.22
13164.0,372.2
17245.0,371.63
18155.0,371.62
15472.0,371.56
18162.0,371.51
14950.0,371.2
15975.0,371.01
15063.0,370.8
15765.0,370.63
14168.0,370.45
15458.0,370.44
17437.0,369.68
16758.0,369.34
14888.0,369.2
14172.0,369.02
15477.0,368.4
17792.0,368.35
15989.0,368.31
14706.0,367.54
14018.0,367.15
14962.0,366.91
14244.0,366.42
12899.0,366.4
17911.0,366.23
16974.0,365.5
15029.0,365.1
13545.0,364.93
17536.0,364.83
14886.0,364.8
15949.0,364.72
15343.0,364.5
15915.0,364.45
14528.0,364.22
16509.0,363.7
14253.0,363.4
16078.0,362.99
16378.0,362.95
13962.0,362.8
14840.0,362.71
14122.0,362.42
17339.0,362.36
16052.0,362.06
13844.0,361.62
18119.0,361.4
16305.0,361.22
16448.0,361.12
13274.0,360.85
18091.0,360.85
17772.0,360.75
17012.0,360.61
17945.0,360.35
18208.0,360.08
15008.0,360.0
13298.0,360.0
13181.0,359.69
14926.0,359.4
14919.0,359.35
15120.0,358.82
17948.0,358.56
16856.0,358.49
17748.0,358.15
13228.0,358.0
16606.0,357.66
15595.0,357.6
12495.0,357.4
16971.0,357.21
18040.0,357.2
18273.0,357.0
14500.0,356.85
17200.0,356.71
15840.0,355.56
12996.0,355.5
16920.0,355.45
15863.0,355.1
14268.0,354.85
15986.0,354.42
12888.0,354.12
12845.0,354.09
16323.0,353.66
18003.0,353.51
13210.0,353.48
13343.0,353.43
14804.0,353.27
16382.0,353.1
16690.0,353.03
12617.0,352.98
13765.0,352.82
16857.0,352.8
12566.0,351.65
16192.0,351.3
13923.0,351.13
14252.0,350.99
13332.0,350.9
13281.0,350.85
15334.0,350.82
16476.0,350.35
12532.0,349.83
13670.0,349.7
13887.0,349.55
18250.0,349.27
14545.0,349.25
17252.0,348.91
13790.0,348.8
17577.0,348.75
15282.0,348.59
16263.0,348.16
12760.0,347.8
17668.0,347.75
15085.0,347.54
12441.0,347.1
13062.0,346.98
12411.0,346.9
17780.0,346.56
13234.0,346.5
16423.0,346.12
15781.0,345.46
13774.0,345.0
14633.0,344.9
18199.0,344.75
15519.0,344.61
17569.0,344.14
13068.0,344.0
16990.0,344.0
15047.0,343.62
15520.0,343.5
18081.0,343.45
12715.0,343.36
13519.0,343.21
17795.0,342.83
13550.0,342.55
16851.0,342.45
14989.0,342.4
17835.0,342.24
17660.0,342.22
14724.0,341.9
16826.0,341.7
16585.0,341.59
13187.0,341.36
13347.0,341.36
17928.0,341.24
16259.0,340.94
17542.0,340.85
16044.0,340.84
15818.0,340.5
12900.0,340.33
12698.0,339.75
13737.0,339.6
14203.0,339.34
17697.0,338.95
14630.0,338.65
17833.0,338.46
14799.0,338.15
17296.0,338.13
12869.0,337.67
15942.0,337.44
12780.0,337.4
13930.0,337.34
18269.0,337.2
17973.0,337.04
17488.0,336.5
15619.0,336.4
13482.0,336.09
17967.0,335.69
14196.0,335.52
16063.0,335.32
17917.0,335.03
12489.0,334.93
17821.0,334.62
12350.0,334.4
17607.0,333.81
13216.0,333.74
14241.0,333.7
16234.0,333.18
16006.0,332.82
14137.0,332.7
13904.0,332.64
16850.0,332.41
16803.0,332.3
16452.0,332.17
17647.0,331.66
15512.0,331.58
17435.0,331.35
16030.0,331.24
13981.0,331.14
16478.0,331.0
15878.0,330.77
17776.0,330.56
14517.0,330.45
12807.0,330.35
13010.0,330.12
15130.0,330.11
12850.0,330.0
18186.0,329.58
17518.0,329.42
17914.0,329.36
17154.0,329.34
15153.0,329.25
15979.0,329.22
16286.0,328.95
14012.0,328.8
16855.0,328.4
15213.0,328.35
14747.0,328.2
16318.0,328.15
15709.0,327.85
17196.0,327.75
15735.0,327.68
13498.0,327.38
16322.0,326.75
12460.0,326.65
13646.0,326.25
18047.0,326.09
17439.0,325.74
12804.0,325.37
13661.0,325.24
15670.0,325.2
13801.0,324.8
15982.0,324.51
12946.0,324.45
16685.0,324.24
18261.0,324.24
13834.0,324.19
17440.0,323.58
13025.0,323.39
16195.0,323.25
14263.0,322.93
16627.0,322.8
14832.0,322.69
16342.0,322.41
14424.0,322.08
15726.0,321.91
18090.0,321.9
13111.0,321.88
17471.0,321.65
14070.0,321.6
15770.0,321.45
14823.0,321.43
17182.0,321.3
15869.0,321.11
15236.0,321.05
15432.0,320.76
14622.0,320.58
13986.0,320.46
17843.0,320.4
17309.0,320.39
16683.0,320.25
13942.0,320.0
13843.0,319.75
16436.0,319.14
16967.0,319.02
17229.0,318.76
16273.0,318.34
15682.0,318.24
14703.0,318.17
17839.0,318.15
18253.0,317.88
17267.0,317.2
15616.0,317.11
17689.0,317.08
16761.0,316.62
15204.0,316.58
12529.0,316.48
13494.0,316.26
17408.0,316.09
18117.0,315.65
12614.0,315.6
15042.0,315.45
16091.0,315.06
17121.0,314.74
14991.0,314.67
18206.0,314.66
12650.0,314.44
18070.0,314.1
15873.0,313.92
15196.0,313.7
13087.0,313.64
16582.0,313.62
12665.0,313.6
13845.0,312.98
15162.0,312.9
13905.0,312.65
15318.0,312.62
13226.0,312.46
12834.0,312.38
17326.0,312.35
14094.0,311.77
14951.0,311.69
12852.0,311.55
13990.0,311.3
15724.0,310.85
16328.0,310.83
13400.0,310.83
13847.0,310.72
12738.0,310.7
16439.0,310.7
15185.0,310.62
14848.0,310.56
15308.0,310.47
15188.0,310.43
13315.0,310.26
14749.0,310.15
13628.0,310.14
15699.0,309.65
16373.0,309.49
12884.0,309.05
15010.0,308.94
16956.0,308.74
16194.0,308.6
14181.0,308.35
14927.0,308.2
15302.0,308.0
15778.0,307.95
13289.0,307.95
16123.0,307.78
13529.0,307.76
14777.0,307.56
13060.0,307.53
17120.0,307.46
13932.0,307.4
15374.0,307.32
14783.0,307.3
17721.0,307.21
13036.0,307.1
13142.0,307.09
15087.0,306.94
13660.0,306.64
16649.0,306.58
13718.0,306.55
18059.0,306.46
16524.0,306.19
17077.0,306.0
15454.0,305.99
15135.0,305.68
16796.0,305.62
16181.0,305.54
13383.0,305.28
15893.0,305.28
15163.0,304.47
16217.0,304.25
18185.0,304.25
16674.0,304.24
17688.0,304.2
14990.0,304.17
17383.0,304.09
16489.0,303.7
14791.0,303.63
14806.0,303.43
18255.0,303.15
16425.0,302.7
14043.0,302.6
18165.0,302.46
17506.0,302.2
15054.0,302.1
15242.0,302.04
16297.0,301.9
13773.0,301.54
15667.0,301.32
15148.0,301.29
13625.0,301.26
16437.0,301.25
12351.0,300.93
16479.0,300.83
16050.0,300.7
17556.0,300.67
17793.0,300.34
14797.0,300.31
17991.0,300.3
17766.0,299.61
12864.0,299.57
13346.0,299.4
17898.0,299.18
13667.0,299.05
12595.0,299.02
15609.0,298.48
17824.0,298.4
12881.0,298.0
18018.0,297.99
14835.0,297.0
17627.0,296.36
13751.0,296.25
12898.0,296.21
13504.0,295.93
14269.0,295.73
14614.0,295.13
16252.0,295.09
16579.0,295.05
17057.0,294.74
17301.0,294.39
15060.0,294.25
17124.0,294.24
17927.0,294.0
15718.0,293.79
14192.0,293.74
15928.0,293.53
17710.0,293.5
17441.0,293.35
17207.0,292.62
16721.0,292.47
16543.0,292.21
13739.0,292.2
14985.0,292.01
13449.0,291.88
17907.0,291.76
17882.0,291.56
16615.0,291.5
18182.0,291.13
17551.0,290.34
15391.0,289.87
16897.0,289.78
13796.0,289.7
15962.0,289.48
15041.0,289.4
14162.0,289.36
17501.0,288.6
16808.0,288.42
16432.0,287.4
17497.0,287.25
13508.0,287.05
14660.0,285.74
14402.0,285.6
17636.0,285.56
16890.0,285.41
13708.0,285.33
12487.0,285.3
16429.0,284.55
15445.0,284.5
17359.0,284.46
15354.0,284.4
13616.0,283.85
13121.0,283.73
15662.0,283.73
13909.0,282.85
15936.0,282.79
13511.0,282.76
12771.0,282.3
16557.0,281.85
13326.0,281.76
13679.0,281.26
18042.0,281.15
15772.0,280.88
12851.0,280.76
13080.0,280.73
14433.0,280.7
14242.0,280.55
13581.0,280.53
17247.0,280.09
15556.0,279.77
14183.0,278.34
14764.0,278.3
14303.0,277.94
15338.0,277.93
15355.0,277.05
13606.0,276.75
13272.0,276.56
12750.0,275.88
13399.0,275.4
16313.0,274.15
17072.0,273.35
12789.0,273.35
13307.0,273.34
17355.0,273.31
13861.0,273.26
17498.0,272.22
13917.0,272.04
14816.0,271.85
17292.0,271.75
14436.0,271.7
13058.0,271.4
15943.0,271.29
17278.0,271.24
18238.0,270.92
14520.0,270.6
16757.0,270.48
12558.0,269.96
18267.0,269.37
15964.0,269.21
13533.0,269.09
17264.0,268.28
12751.0,268.27
18254.0,267.9
14039.0,267.28
15408.0,267.18
15320.0,267.13
15517.0,267.03
15423.0,266.89
17786.0,266.85
14863.0,266.76
13837.0,266.59
14392.0,266.4
15119.0,266.4
12962.0,266.39
13973.0,264.7
16334.0,263.73
13128.0,263.5
16089.0,263.49
12892.0,263.38
17808.0,262.64
13331.0,262.4
17910.0,261.7
14957.0,261.69
12655.0,261.35
13189.0,260.68
17901.0,260.08
17022.0,260.0
16733.0,259.68
13127.0,259.17
17558.0,259.17
17219.0,259.13
15536.0,259.09
14526.0,258.65
13683.0,258.6
16502.0,258.55
13227.0,257.7
15014.0,257.67
16542.0,257.32
15503.0,257.3
15852.0,257.26
14483.0,257.1
15404.0,257.06
14876.0,256.7
14274.0,256.6
12430.0,256.4
13806.0,256.38
17896.0,256.32
17385.0,256.11
13825.0,255.59
14881.0,255.4
16911.0,255.25
12746.0,254.55
12604.0,254.18
15923.0,254.16
14765.0,254.11
17626.0,254.0
16845.0,253.88
13250.0,253.09
17992.0,252.88
15019.0,252.81
15035.0,252.73
13251.0,252.68
16908.0,252.59
15552.0,252.52
16074.0,252.5
13404.0,252.49
13645.0,252.1
17210.0,251.72
16453.0,251.71
16976.0,251.52
14501.0,251.21
14166.0,251.15
18266.0,251.1
16962.0,251.04
15231.0,250.26
17303.0,250.04
15510.0,250.0
13747.0,249.4
12563.0,249.24
13061.0,248.61
13592.0,247.96
16381.0,247.85
15293.0,247.5
18072.0,247.44
13349.0,247.32
14658.0,247.15
14654.0,246.86
15697.0,246.75
13943.0,246.54
15495.0,246.5
15378.0,246.5
15783.0,246.3
18153.0,246.22
16778.0,245.94
14325.0,245.48
14281.0,245.15
12660.0,245.1
15118.0,244.8
15884.0,244.6
16528.0,244.41
18002.0,244.37
14694.0,244.31
13551.0,244.2
17892.0,244.1
13676.0,243.9
16793.0,243.84
13886.0,243.56
16215.0,242.35
15543.0,242.26
17009.0,242.06
13445.0,241.9
13582.0,241.68
15776.0,241.62
14774.0,241.45
14523.0,241.09
16427.0,241.06
16508.0,240.95
13674.0,240.68
15286.0,240.55
15336.0,240.5
15931.0,239.9
15690.0,239.76
13570.0,239.49
13789.0,239.46
17684.0,239.41
12663.0,239.4
17981.0,239.12
13275.0,238.86
12561.0,238.85
12718.0,238.25
16280.0,238.05
14982.0,237.78
17877.0,237.61
14586.0,237.36
15457.0,237.07
12732.0,236.26
13088.0,236.11
16026.0,236.09
17093.0,235.88
17872.0,235.87
16046.0,235.78
12392.0,234.75
13114.0,234.38
14473.0,234.34
17060.0,234.24
13009.0,234.0
12736.0,234.0
13348.0,233.76
14153.0,233.4
15294.0,233.35
13129.0,233.25
16302.0,233.22
17055.0,232.85
13678.0,232.6
18213.0,232.48
13608.0,232.05
14995.0,231.98
16408.0,231.93
17151.0,231.9
17136.0,231.68
18279.0,231.34
15487.0,231.32
18030.0,230.65
17125.0,230.5
13960.0,230.22
18197.0,230.1
14314.0,229.8
14017.0,229.75
12812.0,229.64
13403.0,229.5
17185.0,229.46
15528.0,229.33
17743.0,229.2
17347.0,228.96
15273.0,228.96
13146.0,228.91
17066.0,228.34
14458.0,228.07
16760.0,228.0
15566.0,227.87
14363.0,227.47
17868.0,227.15
16740.0,226.91
15451.0,226.86
13651.0,226.85
18005.0,226.47
14718.0,226.42
17993.0,225.99
14069.0,225.81
17915.0,225.78
16622.0,225.4
16587.0,225.15
14357.0,225.12
13619.0,224.94
16346.0,224.51
15175.0,224.14
12914.0,223.98
16753.0,223.92
14928.0,223.91
16562.0,223.86
13926.0,223.85
18131.0,222.96
12887.0,222.4
14596.0,222.22
15788.0,221.83
14445.0,221.65
17261.0,221.59
17087.0,221.53
14960.0,221.27
13419.0,221.06
12821.0,220.8
16482.0,220.62
13033.0,220.55
18132.0,220.13
18114.0,220.1
13454.0,219.87
13992.0,219.5
14074.0,219.4
15096.0,219.39
12799.0,219.35
12702.0,219.0
15790.0,218.75
15086.0,218.53
12574.0,218.45
15591.0,217.9
16035.0,217.73
16666.0,217.71
15554.0,217.2
13423.0,217.03
15401.0,216.95
18021.0,216.41
17902.0,216.4
15604.0,216.39
13858.0,216.17
16179.0,215.83
16189.0,215.48
14376.0,215.46
18007.0,215.22
14635.0,215.22
16338.0,214.8
14106.0,214.8
14361.0,214.71
17619.0,214.37
15460.0,214.26
14271.0,214.18
14601.0,213.96
18157.0,213.9
13621.0,213.85
17153.0,213.78
13411.0,213.55
16591.0,213.5
13724.0,213.01
13691.0,212.78
12961.0,211.99
12470.0,211.95
15866.0,211.89
14843.0,211.8
15703.0,211.5
13271.0,211.49
12995.0,211.32
15490.0,210.85
14992.0,210.5
13532.0,210.31
17217.0,210.1
16874.0,209.89
17484.0,209.57
13828.0,209.49
13056.0,209.48
14003.0,209.41
16487.0,209.4
15112.0,209.4
17026.0,208.98
15327.0,208.75
13290.0,208.63
15741.0,208.62
15897.0,208.59
16457.0,208.36
15212.0,208.28
12848.0,208.0
16964.0,207.85
16866.0,207.74
15052.0,207.73
13099.0,207.36
17989.0,207.33
15925.0,207.15
15295.0,207.04
15820.0,206.98
17166.0,206.34
14964.0,206.21
15914.0,205.99
14278.0,205.83
16540.0,205.75
17670.0,205.7
16490.0,205.41
14602.0,205.36
15307.0,205.3
12400.0,205.25
15758.0,205.25
15319.0,204.5
17271.0,204.3
16901.0,204.26
17206.0,204.24
14468.0,204.24
13017.0,204.0
17394.0,203.87
17891.0,203.86
14519.0,203.14
17074.0,203.05
15459.0,202.83
15558.0,202.68
18169.0,202.65
12416.0,202.56
14892.0,202.35
14385.0,202.11
13284.0,201.19
16965.0,201.19
18281.0,201.14
18126.0,200.92
13556.0,200.82
14330.0,200.63
17693.0,200.47
13133.0,200.45
13944.0,200.43
14782.0,200.1
15593.0,199.8
13322.0,199.48
14521.0,199.45
15001.0,199.11
15020.0,198.47
17184.0,198.41
12581.0,197.71
17778.0,197.7
14185.0,197.65
14789.0,197.64
17112.0,197.57
12927.0,197.31
15234.0,197.0
13436.0,196.89
15746.0,196.88
13978.0,196.79
16937.0,196.25
16112.0,195.74
13757.0,195.55
17010.0,195.36
14666.0,195.25
15612.0,195.15
14405.0,195.0
17468.0,194.8
17065.0,194.7
17475.0,194.37
16299.0,193.65
14476.0,193.0
12522.0,192.72
14768.0,192.6
15729.0,192.55
18028.0,192.05
14100.0,191.95
15909.0,191.94
16695.0,191.9
14279.0,191.86
15692.0,191.04
15954.0,190.75
14728.0,190.58
15688.0,190.57
15412.0,190.53
18020.0,190.48
14617.0,190.47
13766.0,190.35
13972.0,190.25
17257.0,189.78
18046.0,189.63
13826.0,189.5
14801.0,189.34
14830.0,188.88
16277.0,188.69
14697.0,188.61
17283.0,188.46
16051.0,188.44
13063.0,188.4
17781.0,188.02
17279.0,187.83
15072.0,187.52
13852.0,187.35
18013.0,187.29
13568.0,187.05
13387.0,186.94
16267.0,186.66
18063.0,186.6
17215.0,186.15
16388.0,186.05
15567.0,186.01
12641.0,185.9
17574.0,185.65
14879.0,185.06
16097.0,185.05
14677.0,184.91
17803.0,184.66
16914.0,183.76
14059.0,183.6
13460.0,183.44
14119.0,183.37
14983.0,183.2
16819.0,182.59
14941.0,182.1
12934.0,181.65
16822.0,181.39
15359.0,181.35
16594.0,181.09
17904.0,181.07
14858.0,180.75
17820.0,180.61
16090.0,180.56
12622.0,180.1
18234.0,179.6
14945.0,179.4
16640.0,179.4
18147.0,179.34
15895.0,179.17
14705.0,179.0
15209.0,178.98
15139.0,178.96
14812.0,178.85
16691.0,178.83
17170.0,178.68
17879.0,178.52
15292.0,178.39
18045.0,178.34
12686.0,178.28
17253.0,178.26
17798.0,178.07
18282.0,178.05
16403.0,177.5
13618.0,177.34
12618.0,177.31
13072.0,177.15
17036.0,176.9
16285.0,176.9
17587.0,176.71
13746.0,176.69
17947.0,176.68
14287.0,176.63
12893.0,176.55
18054.0,176.5
12509.0,176.5
18175.0,176.1
18274.0,175.92
17840.0,175.9
18166.0,175.5
14486.0,175.5
13007.0,175.25
17331.0,175.2
16144.0,175.2
16559.0,175.0
17108.0,174.95
18010.0,174.8
14495.0,174.8
14518.0,174.37
15684.0,173.95
14674.0,173.66
15565.0,173.16
16741.0,173.06
16599.0,172.8
13671.0,172.6
13690.0,172.25
12442.0,172.06
15515.0,171.81
17983.0,171.71
17575.0,171.7
13560.0,171.42
16312.0,171.15
16673.0,171.13
14536.0,170.95
15403.0,170.88
14811.0,170.5
15256.0,170.4
17922.0,170.4
14860.0,170.32
16731.0,170.3
15335.0,170.22
14218.0,169.48
16002.0,169.21
15647.0,169.0
12367.0,168.9
12768.0,168.69
14578.0,168.63
18099.0,168.31
17737.0,168.24
14131.0,168.22
12551.0,168.0
17559.0,167.62
17367.0,167.55
18037.0,167.42
17586.0,167.4
13609.0,167.35
16405.0,167.25
15166.0,167.16
17875.0,167.1
13547.0,167.08
13967.0,166.3
17650.0,166.08
18088.0,166.03
18107.0,165.88
13903.0,165.45
13470.0,165.0
16663.0,165.0
15316.0,165.0
13191.0,164.69
15904.0,164.68
17535.0,164.4
13603.0,164.34
17417.0,164.18
14955.0,163.77
14354.0,163.62
14485.0,162.8
16517.0,162.7
18174.0,162.5
12954.0,162.45
15733.0,162.3
15534.0,162.25
16443.0,162.24
18014.0,162.22
12661.0,162.0
17971.0,161.94
17600.0,161.67
16113.0,161.38
13714.0,161.35
13779.0,161.13
13701.0,161.0
13229.0,160.95
17605.0,160.75
17202.0,160.65
17487.0,160.55
15229.0,160.5
16645.0,160.39
18146.0,160.35
12966.0,160.18
14571.0,160.0
13420.0,159.85
13302.0,159.2
17953.0,159.17
16213.0,159.0
18224.0,158.95
14089.0,158.75
15499.0,158.65
15548.0,158.09
15348.0,158.04
14318.0,158.02
18004.0,157.92
17751.0,157.86
14207.0,157.8
14822.0,157.7
16687.0,157.63
12894.0,157.35
17318.0,157.33
16371.0,157.2
17128.0,157.09
17118.0,157.02
15007.0,156.91
15742.0,156.87
13830.0,156.85
14406.0,156.75
16578.0,156.6
15438.0,156.58
15263.0,156.51
17885.0,156.34
13051.0,155.8
17832.0,155.37
14368.0,155.0
14046.0,154.99
17698.0,154.95
15740.0,154.88
17899.0,154.55
15226.0,154.41
13490.0,154.25
14814.0,154.21
17517.0,153.94
15560.0,153.52
15431.0,153.24
12602.0,153.12
16248.0,152.94
18138.0,152.65
18113.0,152.64
14066.0,152.55
15509.0,152.41
17327.0,152.35
13653.0,152.2
16617.0,151.85
14362.0,151.5
18076.0,151.49
13697.0,151.3
14516.0,151.17
16662.0,151.05
16337.0,151.05
14073.0,151.04
12959.0,150.95
14980.0,150.68
15991.0,150.55
15775.0,150.5
14084.0,150.5
18200.0,150.35
15474.0,150.35
14845.0,150.0
17234.0,149.89
13257.0,149.75
17946.0,149.58
17390.0,149.3
15435.0,149.29
13003.0,149.05
17549.0,148.86
13125.0,148.62
15526.0,148.44
15283.0,148.33
17592.0,148.3
13457.0,148.22
13578.0,147.66
15479.0,147.4
14098.0,147.35
16724.0,147.35
17794.0,147.3
12858.0,147.27
17030.0,146.87
14683.0,146.56
15496.0,146.14
18137.0,145.99
12565.0,145.92
13866.0,145.67
15937.0,145.35
14972.0,145.07
16598.0,145.05
15902.0,145.01
16852.0,144.91
17938.0,144.29
14109.0,144.2
15816.0,144.15
12587.0,144.0
17186.0,144.0
12387.0,143.94
14604.0,143.86
14574.0,143.7
15705.0,143.1
17149.0,143.1
15761.0,143.05
16507.0,142.71
14386.0,142.4
17859.0,141.92
18038.0,141.48
14041.0,141.41
17273.0,141.12
12636.0,141.0
17959.0,140.75
14773.0,140.55
15388.0,140.54
15702.0,140.39
13483.0,140.34
15324.0,140.22
13839.0,139.95
16840.0,139.85
16483.0,139.35
14772.0,139.26
14707.0,139.2
18209.0,139.1
13273.0,138.98
12902.0,138.68
13716.0,138.28
17982.0,138.18
15663.0,138.14
15848.0,137.99
16396.0,137.8
13279.0,137.75
15836.0,137.37
13907.0,136.8
13195.0,136.73
16237.0,136.65
16289.0,136.31
16651.0,136.2
16876.0,136.01
16462.0,136.0
14366.0,136.0
12968.0,135.95
17583.0,135.95
14889.0,135.9
15419.0,135.86
16114.0,135.75
14391.0,135.6
16665.0,135.4
13076.0,135.4
14588.0,135.39
13144.0,135.35
17972.0,135.19
13702.0,135.18
17960.0,135.08
17199.0,135.04
13364.0,134.96
13119.0,134.9
16055.0,134.8
14340.0,134.7
14174.0,134.46
15926.0,134.44
16486.0,134.36
14280.0,134.04
16886.0,134.0
14349.0,133.5
17881.0,133.35
17826.0,133.34
12467.0,132.8
12964.0,132.24
12512.0,132.18
14438.0,131.9
17565.0,131.83
17455.0,131.7
14795.0,131.45
14378.0,131.25
15409.0,131.25
17225.0,131.15
16865.0,130.95
15844.0,130.74
17240.0,130.6
16410.0,130.32
16288.0,129.85
15317.0,129.75
17762.0,129.75
14865.0,129.72
17847.0,129.69
14999.0,129.48
12555.0,129.23
13071.0,129.22
17056.0,128.6
16828.0,128.5
17089.0,128.45
16251.0,128.31
15892.0,128.2
17297.0,128.18
13666.0,127.9
13053.0,127.65
13586.0,127.28
15578.0,127.1
16973.0,127.0
14751.0,126.45
15463.0,126.14
16294.0,126.05
13794.0,126.03
17657.0,126.0
12814.0,125.92
13522.0,125.8
16925.0,125.65
15017.0,125.58
15731.0,125.3
13912.0,124.95
17148.0,124.88
17818.0,124.78
13312.0,124.75
16849.0,124.57
17316.0,124.45
12773.0,124.25
18000.0,124.25
15779.0,124.08
13968.0,123.66
14187.0,123.5
16397.0,123.13
13876.0,122.7
13638.0,122.64
12969.0,122.45
13084.0,122.4
16073.0,122.4
13244.0,121.74
13182.0,121.18
15049.0,121.17
17260.0,120.95
17446.0,120.9
14884.0,120.6
14165.0,120.44
14444.0,120.44
17543.0,120.05
18015.0,120.03
14259.0,120.0
14453.0,119.93
15161.0,119.92
17541.0,119.86
17177.0,119.5
15843.0,118.95
17280.0,118.86
17079.0,118.8
14155.0,118.75
14076.0,118.67
12929.0,117.85
16291.0,117.72
17654.0,117.55
16959.0,117.35
14726.0,116.5
17117.0,116.2
14874.0,116.18
14143.0,115.8
16068.0,115.73
18027.0,115.31
18012.0,115.3
17401.0,114.85
15905.0,114.69
17933.0,114.69
13188.0,114.6
14632.0,114.56
16247.0,114.56
14652.0,114.18
12938.0,114.14
14582.0,114.11
17275.0,114.1
15056.0,113.65
14457.0,113.64
18105.0,113.48
16821.0,113.35
17784.0,112.86
18148.0,112.85
14689.0,112.8
16697.0,112.75
18129.0,112.55
13241.0,112.53
15899.0,112.5
15610.0,112.46
13620.0,112.34
17816.0,112.32
17900.0,112.2
12756.0,112.08
13193.0,112.08
14750.0,112.03
17957.0,111.68
14668.0,111.63
17304.0,111.5
17887.0,111.35
17208.0,111.15
18120.0,111.15
15352.0,111.15
14464.0,111.0
12692.0,110.95
14509.0,110.95
15537.0,110.92
15853.0,110.8
18256.0,110.7
14787.0,110.65
16963.0,110.55
14641.0,110.46
17836.0,110.21
17909.0,110.05
15851.0,109.73
14033.0,109.44
16363.0,109.36
16064.0,109.31
16664.0,109.2
14721.0,109.07
14345.0,108.98
13170.0,108.81
15875.0,108.52
16106.0,108.38
14374.0,108.0
14661.0,107.95
13580.0,107.75
14943.0,107.62
15395.0,107.45
16301.0,107.33
15328.0,107.24
17893.0,107.21
16047.0,107.14
15846.0,107.01
16630.0,106.8
16082.0,106.75
14637.0,106.68
15168.0,106.56
15927.0,106.54
17791.0,106.1
16581.0,105.84
18103.0,105.8
15642.0,105.78
14579.0,105.56
15340.0,105.5
14027.0,104.82
17328.0,104.7
16547.0,104.26
16375.0,104.0
16896.0,103.95
14542.0,103.25
15924.0,102.82
18124.0,102.65
17467.0,102.6
14836.0,102.45
15486.0,102.0
13829.0,102.0
16516.0,101.7
18068.0,101.7
16944.0,101.36
18086.0,101.34
18195.0,101.16
17741.0,101.1
13011.0,101.1
16498.0,100.97
17493.0,100.91
14946.0,100.9
17224.0,100.86
17427.0,100.8
14371.0,100.5
15635.0,100.35
17570.0,100.0
17939.0,99.14
12774.0,98.7
17538.0,98.42
16694.0,98.3
17395.0,97.5
12984.0,97.5
14642.0,96.12
13793.0,96.0
15583.0,95.96
17024.0,95.85
17895.0,95.45
18249.0,95.34
12548.0,95.2
15285.0,94.92
14833.0,94.8
15868.0,94.53
16339.0,94.05
15397.0,94.0
18033.0,93.82
14394.0,93.8
15305.0,93.6
12992.0,93.35
15082.0,93.35
16196.0,93.3
14054.0,92.46
16831.0,91.8
13160.0,91.8
12659.0,91.68
13392.0,91.14
14786.0,90.96
13947.0,90.6
14435.0,90.42
16506.0,90.3
16597.0,90.04
14117.0,90.0
15686.0,90.0
14974.0,89.94
16061.0,89.65
13535.0,89.5
14760.0,89.2
13222.0,88.5
15603.0,88.48
15083.0,88.2
16564.0,87.8
17606.0,87.3
17763.0,86.15
13180.0,86.1
15541.0,85.13
13841.0,85.0
12401.0,84.3
15094.0,83.0
14347.0,82.6
13469.0,82.4
16028.0,82.2
13215.0,81.6
13006.0,81.57
17620.0,81.44
17008.0,81.36
14717.0,81.3
15170.0,81.15
17336.0,81.12
16789.0,80.8
17752.0,80.64
15833.0,80.4
15131.0,80.28
16165.0,79.9
14190.0,79.9
14589.0,79.5
14007.0,79.48
15753.0,79.2
12570.0,77.52
17942.0,77.5
14785.0,77.4
13132.0,77.3
16867.0,76.74
14373.0,76.55
14613.0,76.32
14090.0,76.32
15668.0,76.32
13219.0,76.23
17628.0,75.75
16610.0,75.66
14559.0,75.6
17192.0,75.28
16420.0,75.0
17944.0,74.99
13095.0,74.4
12506.0,73.5
18032.0,73.5
16171.0,73.2
17906.0,72.9
13105.0,72.0
16459.0,71.79
13938.0,71.66
13185.0,71.4
16970.0,71.4
17747.0,71.4
13915.0,70.8
14576.0,70.8
15564.0,70.74
12568.0,70.0
13172.0,69.6
14906.0,68.44
12861.0,68.25
17249.0,68.03
14393.0,67.95
17532.0,65.34
13022.0,65.3
13130.0,64.0
16238.0,63.66
17216.0,63.6
17263.0,63.44
15470.0,63.42
12404.0,63.24
16058.0,62.7
13218.0,62.64
14650.0,62.5
15516.0,62.43
13380.0,62.4
13303.0,61.72
13818.0,61.28
15375.0,60.96
16605.0,60.48
15250.0,60.0
17174.0,59.9
13391.0,59.8
13682.0,59.5
15371.0,59.4
15233.0,59.4
14384.0,58.5
12466.0,56.73
17775.0,56.4
13366.0,56.16
15685.0,55.98
12776.0,55.5
17494.0,54.7
12860.0,54.22
13306.0,53.65
16349.0,53.5
17599.0,52.05
15313.0,52.0
16786.0,51.84
17844.0,51.56
13254.0,51.41
14351.0,51.0
14743.0,50.48
18184.0,49.8
14380.0,48.96
16530.0,48.35
16257.0,46.95
13438.0,46.5
15698.0,46.2
12496.0,45.34
15672.0,45.3
17916.0,43.87
14300.0,43.2
13913.0,42.22
13906.0,42.0
16219.0,40.8
14266.0,40.56
15178.0,40.5
14086.0,39.95
16659.0,39.12
17246.0,38.92
18019.0,38.45
15455.0,38.25
15693.0,37.5
16162.0,37.4
17352.0,36.25
14993.0,36.13
15940.0,35.8
16417.0,35.7
17831.0,35.4
15744.0,34.8
17533.0,34.8
15871.0,33.1
16941.0,33.0
14977.0,31.93
17129.0,31.85
16454.0,30.95
14144.0,30.6
13120.0,30.6
16548.0,30.15
15575.0,30.1
15657.0,30.0
17319.0,29.1
17102.0,25.5
15284.0,24.75
14610.0,24.35
16537.0,23.35
12606.0,21.0
17986.0,20.8
16953.0,20.8
13112.0,20.6
15999.0,20.4
13163.0,17.65
16093.0,17.0
12846.0,15.58
14580.0,14.85
14900.0,13.92
16878.0,13.3
17956.0,12.75
17378.0,10.95
18115.0,9.7
15040.0,7.49
15913.0,6.3
14792.0,6.2
16738.0,3.75
13788.0,3.75
14095.0,2.95
